state,fuel_type,year,registrations
Andaman,DIESEL,2022,697
Andaman,DIESEL/HYBRID,2022,0
Andaman,ELECTRIC(BOV),2022,23
Andaman,PETROL,2022,6303
Andaman,PETROL(E20),2022,0
Andaman,PETROL(E20)/CNG,2022,0
Andaman,PETROL(E20)/HYBRID,2022,0
Andaman,PETROL/CNG,2022,0
Andaman,PETROL/HYBRID,2022,28
Andaman,PETROL/LPG,2022,0
Andaman,PURE EV,2022,0
Andaman,STRONG HYBRID EV,2022,0
Andaman,DIESEL,2023,852
Andaman,DIESEL/HYBRID,2023,0
Andaman,ELECTRIC(BOV),2023,26
Andaman,PETROL,2023,6847
Andaman,PETROL(E20),2023,178
Andaman,PETROL(E20)/CNG,2023,0
Andaman,PETROL(E20)/HYBRID,2023,0
Andaman,PETROL/CNG,2023,0
Andaman,PETROL/HYBRID,2023,170
Andaman,PETROL/LPG,2023,0
Andaman,PURE EV,2023,0
Andaman,STRONG HYBRID EV,2023,0
Andaman,DIESEL,2024,687
Andaman,DIESEL/HYBRID,2024,0
Andaman,ELECTRIC(BOV),2024,46
Andaman,PETROL,2024,7154
Andaman,PETROL(E20),2024,277
Andaman,PETROL(E20)/CNG,2024,0
Andaman,PETROL(E20)/HYBRID,2024,0
Andaman,PETROL/CNG,2024,0
Andaman,PETROL/HYBRID,2024,259
Andaman,PETROL/LPG,2024,0
Andaman,PURE EV,2024,18
Andaman,STRONG HYBRID EV,2024,18
Andaman,DIESEL,2025,601
Andaman,DIESEL/HYBRID,2025,1
Andaman,ELECTRIC(BOV),2025,27
Andaman,PETROL,2025,5132
Andaman,PETROL(E20),2025,3380
Andaman,PETROL(E20)/CNG,2025,1
Andaman,PETROL(E20)/HYBRID,2025,58
Andaman,PETROL/CNG,2025,3
Andaman,PETROL/HYBRID,2025,280
Andaman,PETROL/LPG,2025,1
Andaman,PURE EV,2025,139
Andaman,STRONG HYBRID EV,2025,37
Andaman,DIESEL,2026,326
Andaman,DIESEL/HYBRID,2026,0
Andaman,ELECTRIC(BOV),2026,1
Andaman,PETROL,2026,1269
Andaman,PETROL(E20),2026,3797
Andaman,PETROL(E20)/CNG,2026,4
Andaman,PETROL(E20)/HYBRID,2026,179
Andaman,PETROL/CNG,2026,3
Andaman,PETROL/HYBRID,2026,28
Andaman,PETROL/LPG,2026,0
Andaman,PURE EV,2026,58
Andaman,STRONG HYBRID EV,2026,26
Andhrapradesh,CNG ONLY,2022,5916
Andhrapradesh,DIESEL,2022,105594
Andhrapradesh,DIESEL/HYBRID,2022,10
Andhrapradesh,ELECTRIC(BOV),2022,29354
Andhrapradesh,ETHANOL(E100),2022,0
Andhrapradesh,LNG,2022,0
Andhrapradesh,LPG ONLY,2022,0
Andhrapradesh,NOT APPLICABLE,2022,14756
Andhrapradesh,PETROL,2022,681773
Andhrapradesh,PETROL(E20),2022,0
Andhrapradesh,PETROL(E20)/CNG,2022,0
Andhrapradesh,PETROL(E20)/HYBRID,2022,0
Andhrapradesh,PETROL(E20)/HYBRID/CNG,2022,0
Andhrapradesh,PETROL(E20)/LPG,2022,0
Andhrapradesh,PETROL/CNG,2022,3915
Andhrapradesh,PETROL/HYBRID,2022,7071
Andhrapradesh,PETROL/HYBRID/CNG,2022,15
Andhrapradesh,PETROL/LPG,2022,26
Andhrapradesh,PLUG-IN HYBRID EV,2022,0
Andhrapradesh,PURE EV,2022,0
Andhrapradesh,STRONG HYBRID EV,2022,0
Andhrapradesh,CNG ONLY,2023,11711
Andhrapradesh,DIESEL,2023,119845
Andhrapradesh,DIESEL/HYBRID,2023,34
Andhrapradesh,ELECTRIC(BOV),2023,32874
Andhrapradesh,ETHANOL(E100),2023,0
Andhrapradesh,LNG,2023,0
Andhrapradesh,LPG ONLY,2023,0
Andhrapradesh,NOT APPLICABLE,2023,10872
Andhrapradesh,PETROL,2023,684326
Andhrapradesh,PETROL(E20),2023,15679
Andhrapradesh,PETROL(E20)/CNG,2023,0
Andhrapradesh,PETROL(E20)/HYBRID,2023,0
Andhrapradesh,PETROL(E20)/HYBRID/CNG,2023,1
Andhrapradesh,PETROL(E20)/LPG,2023,0
Andhrapradesh,PETROL/CNG,2023,5041
Andhrapradesh,PETROL/HYBRID,2023,10955
Andhrapradesh,PETROL/HYBRID/CNG,2023,20
Andhrapradesh,PETROL/LPG,2023,12
Andhrapradesh,PLUG-IN HYBRID EV,2023,0
Andhrapradesh,PURE EV,2023,1
Andhrapradesh,STRONG HYBRID EV,2023,1
Andhrapradesh,CNG ONLY,2024,9705
Andhrapradesh,DIESEL,2024,102118
Andhrapradesh,DIESEL/HYBRID,2024,111
Andhrapradesh,ELECTRIC(BOV),2024,41889
Andhrapradesh,ETHANOL(E100),2024,0
Andhrapradesh,LNG,2024,0
Andhrapradesh,LPG ONLY,2024,5
Andhrapradesh,NOT APPLICABLE,2024,10222
Andhrapradesh,PETROL,2024,692593
Andhrapradesh,PETROL(E20),2024,25410
Andhrapradesh,PETROL(E20)/CNG,2024,1
Andhrapradesh,PETROL(E20)/HYBRID,2024,0
Andhrapradesh,PETROL(E20)/HYBRID/CNG,2024,3
Andhrapradesh,PETROL(E20)/LPG,2024,0
Andhrapradesh,PETROL/CNG,2024,6152
Andhrapradesh,PETROL/HYBRID,2024,7802
Andhrapradesh,PETROL/HYBRID/CNG,2024,34
Andhrapradesh,PETROL/LPG,2024,10
Andhrapradesh,PLUG-IN HYBRID EV,2024,1
Andhrapradesh,PURE EV,2024,14605
Andhrapradesh,STRONG HYBRID EV,2024,997
Andhrapradesh,CNG ONLY,2025,9788
Andhrapradesh,DIESEL,2025,112639
Andhrapradesh,DIESEL/HYBRID,2025,210
Andhrapradesh,ELECTRIC(BOV),2025,10900
Andhrapradesh,ETHANOL(E100),2025,16
Andhrapradesh,LNG,2025,3
Andhrapradesh,LPG ONLY,2025,9
Andhrapradesh,NOT APPLICABLE,2025,5555
Andhrapradesh,PETROL,2025,508386
Andhrapradesh,PETROL(E20),2025,213862
Andhrapradesh,PETROL(E20)/CNG,2025,977
Andhrapradesh,PETROL(E20)/HYBRID,2025,684
Andhrapradesh,PETROL(E20)/HYBRID/CNG,2025,3
Andhrapradesh,PETROL(E20)/LPG,2025,0
Andhrapradesh,PETROL/CNG,2025,7069
Andhrapradesh,PETROL/HYBRID,2025,4963
Andhrapradesh,PETROL/HYBRID/CNG,2025,7
Andhrapradesh,PETROL/LPG,2025,2
Andhrapradesh,PLUG-IN HYBRID EV,2025,2
Andhrapradesh,PURE EV,2025,48935
Andhrapradesh,STRONG HYBRID EV,2025,1991
Andhrapradesh,CNG ONLY,2026,5281
Andhrapradesh,DIESEL,2026,66836
Andhrapradesh,DIESEL/HYBRID,2026,134
Andhrapradesh,ELECTRIC(BOV),2026,4313
Andhrapradesh,ETHANOL(E100),2026,2
Andhrapradesh,LNG,2026,0
Andhrapradesh,LPG ONLY,2026,1
Andhrapradesh,NOT APPLICABLE,2026,3973
Andhrapradesh,PETROL,2026,114085
Andhrapradesh,PETROL(E20),2026,261344
Andhrapradesh,PETROL(E20)/CNG,2026,5981
Andhrapradesh,PETROL(E20)/HYBRID,2026,3186
Andhrapradesh,PETROL(E20)/HYBRID/CNG,2026,7
Andhrapradesh,PETROL(E20)/LPG,2026,1
Andhrapradesh,PETROL/CNG,2026,465
Andhrapradesh,PETROL/HYBRID,2026,578
Andhrapradesh,PETROL/HYBRID/CNG,2026,2
Andhrapradesh,PETROL/LPG,2026,0
Andhrapradesh,PLUG-IN HYBRID EV,2026,0
Andhrapradesh,PURE EV,2026,45241
Andhrapradesh,STRONG HYBRID EV,2026,1078
Arunachal pradesh,CNG ONLY,2022,5
Arunachal pradesh,DIESEL,2022,6397
Arunachal pradesh,DIESEL/HYBRID,2022,0
Arunachal pradesh,ELECTRIC(BOV),2022,2
Arunachal pradesh,NOT APPLICABLE,2022,44
Arunachal pradesh,PETROL,2022,20025
Arunachal pradesh,PETROL(E20),2022,0
Arunachal pradesh,PETROL(E20)/CNG,2022,0
Arunachal pradesh,PETROL(E20)/HYBRID,2022,0
Arunachal pradesh,PETROL/CNG,2022,7
Arunachal pradesh,PETROL/HYBRID,2022,264
Arunachal pradesh,PETROL/LPG,2022,2
Arunachal pradesh,PURE EV,2022,0
Arunachal pradesh,STRONG HYBRID EV,2022,0
Arunachal pradesh,CNG ONLY,2023,3
Arunachal pradesh,DIESEL,2023,7684
Arunachal pradesh,DIESEL/HYBRID,2023,2
Arunachal pradesh,ELECTRIC(BOV),2023,19
Arunachal pradesh,NOT APPLICABLE,2023,94
Arunachal pradesh,PETROL,2023,20691
Arunachal pradesh,PETROL(E20),2023,1434
Arunachal pradesh,PETROL(E20)/CNG,2023,0
Arunachal pradesh,PETROL(E20)/HYBRID,2023,0
Arunachal pradesh,PETROL/CNG,2023,11
Arunachal pradesh,PETROL/HYBRID,2023,1025
Arunachal pradesh,PETROL/LPG,2023,0
Arunachal pradesh,PURE EV,2023,0
Arunachal pradesh,STRONG HYBRID EV,2023,0
Arunachal pradesh,CNG ONLY,2024,84
Arunachal pradesh,DIESEL,2024,8475
Arunachal pradesh,DIESEL/HYBRID,2024,3
Arunachal pradesh,ELECTRIC(BOV),2024,37
Arunachal pradesh,NOT APPLICABLE,2024,157
Arunachal pradesh,PETROL,2024,23661
Arunachal pradesh,PETROL(E20),2024,3136
Arunachal pradesh,PETROL(E20)/CNG,2024,0
Arunachal pradesh,PETROL(E20)/HYBRID,2024,0
Arunachal pradesh,PETROL/CNG,2024,10
Arunachal pradesh,PETROL/HYBRID,2024,1196
Arunachal pradesh,PETROL/LPG,2024,0
Arunachal pradesh,PURE EV,2024,10
Arunachal pradesh,STRONG HYBRID EV,2024,50
Arunachal pradesh,CNG ONLY,2025,11
Arunachal pradesh,DIESEL,2025,10703
Arunachal pradesh,DIESEL/HYBRID,2025,58
Arunachal pradesh,ELECTRIC(BOV),2025,25
Arunachal pradesh,NOT APPLICABLE,2025,109
Arunachal pradesh,PETROL,2025,17407
Arunachal pradesh,PETROL(E20),2025,10446
Arunachal pradesh,PETROL(E20)/CNG,2025,1
Arunachal pradesh,PETROL(E20)/HYBRID,2025,288
Arunachal pradesh,PETROL/CNG,2025,11
Arunachal pradesh,PETROL/HYBRID,2025,1278
Arunachal pradesh,PETROL/LPG,2025,0
Arunachal pradesh,PURE EV,2025,78
Arunachal pradesh,STRONG HYBRID EV,2025,125
Arunachal pradesh,CNG ONLY,2026,16
Arunachal pradesh,DIESEL,2026,5741
Arunachal pradesh,DIESEL/HYBRID,2026,59
Arunachal pradesh,ELECTRIC(BOV),2026,29
Arunachal pradesh,NOT APPLICABLE,2026,83
Arunachal pradesh,PETROL,2026,2791
Arunachal pradesh,PETROL(E20),2026,11107
Arunachal pradesh,PETROL(E20)/CNG,2026,15
Arunachal pradesh,PETROL(E20)/HYBRID,2026,798
Arunachal pradesh,PETROL/CNG,2026,3
Arunachal pradesh,PETROL/HYBRID,2026,201
Arunachal pradesh,PETROL/LPG,2026,1
Arunachal pradesh,PURE EV,2026,49
Arunachal pradesh,STRONG HYBRID EV,2026,93
Assam,CNG ONLY,2022,65
Assam,DIESEL,2022,40566
Assam,DIESEL/HYBRID,2022,4
Assam,ELECTRIC(BOV),2022,40700
Assam,ETHANOL(E100),2022,0
Assam,NOT APPLICABLE,2022,786
Assam,PETROL,2022,429818
Assam,PETROL(E20),2022,0
Assam,PETROL(E20)/CNG,2022,0
Assam,PETROL(E20)/HYBRID,2022,0
Assam,PETROL/CNG,2022,31
Assam,PETROL/HYBRID,2022,3968
Assam,PURE EV,2022,0
Assam,STRONG HYBRID EV,2022,0
Assam,CNG ONLY,2023,502
Assam,DIESEL,2023,43792
Assam,DIESEL/HYBRID,2023,21
Assam,ELECTRIC(BOV),2023,60792
Assam,ETHANOL(E100),2023,0
Assam,NOT APPLICABLE,2023,807
Assam,PETROL,2023,514979
Assam,PETROL(E20),2023,24024
Assam,PETROL(E20)/CNG,2023,0
Assam,PETROL(E20)/HYBRID,2023,0
Assam,PETROL/CNG,2023,91
Assam,PETROL/HYBRID,2023,7957
Assam,PURE EV,2023,0
Assam,STRONG HYBRID EV,2023,0
Assam,CNG ONLY,2024,1077
Assam,DIESEL,2024,39894
Assam,DIESEL/HYBRID,2024,30
Assam,ELECTRIC(BOV),2024,62330
Assam,ETHANOL(E100),2024,3
Assam,NOT APPLICABLE,2024,634
Assam,PETROL,2024,475825
Assam,PETROL(E20),2024,35178
Assam,PETROL(E20)/CNG,2024,0
Assam,PETROL(E20)/HYBRID,2024,0
Assam,PETROL/CNG,2024,113
Assam,PETROL/HYBRID,2024,8328
Assam,PURE EV,2024,5801
Assam,STRONG HYBRID EV,2024,291
Assam,CNG ONLY,2025,686
Assam,DIESEL,2025,32245
Assam,DIESEL/HYBRID,2025,67
Assam,ELECTRIC(BOV),2025,49453
Assam,ETHANOL(E100),2025,20
Assam,NOT APPLICABLE,2025,276
Assam,PETROL,2025,304809
Assam,PETROL(E20),2025,164180
Assam,PETROL(E20)/CNG,2025,55
Assam,PETROL(E20)/HYBRID,2025,1395
Assam,PETROL/CNG,2025,305
Assam,PETROL/HYBRID,2025,5878
Assam,PURE EV,2025,35689
Assam,STRONG HYBRID EV,2025,482
Assam,CNG ONLY,2026,155
Assam,DIESEL,2026,16574
Assam,DIESEL/HYBRID,2026,38
Assam,ELECTRIC(BOV),2026,20426
Assam,ETHANOL(E100),2026,0
Assam,NOT APPLICABLE,2026,102
Assam,PETROL,2026,52046
Assam,PETROL(E20),2026,190987
Assam,PETROL(E20)/CNG,2026,162
Assam,PETROL(E20)/HYBRID,2026,3614
Assam,PETROL/CNG,2026,37
Assam,PETROL/HYBRID,2026,556
Assam,PURE EV,2026,30839
Assam,STRONG HYBRID EV,2026,286
Bihar,CNG ONLY,2022,18692
Bihar,DIESEL,2022,87505
Bihar,DIESEL/HYBRID,2022,3
Bihar,ELECTRIC(BOV),2022,55755
Bihar,ETHANOL(E100),2022,2
Bihar,LPG ONLY,2022,571
Bihar,NOT APPLICABLE,2022,7519
Bihar,PETROL,2022,949830
Bihar,PETROL(E20),2022,0
Bihar,PETROL(E20)/CNG,2022,1
Bihar,PETROL(E20)/HYBRID,2022,0
Bihar,PETROL(E20)/HYBRID/CNG,2022,0
Bihar,PETROL/CNG,2022,5647
Bihar,PETROL/HYBRID,2022,4291
Bihar,PETROL/HYBRID/CNG,2022,0
Bihar,PETROL/LPG,2022,20
Bihar,PLUG-IN HYBRID EV,2022,0
Bihar,PURE EV,2022,0
Bihar,STRONG HYBRID EV,2022,0
Bihar,CNG ONLY,2023,27823
Bihar,DIESEL,2023,84353
Bihar,DIESEL/HYBRID,2023,6
Bihar,ELECTRIC(BOV),2023,88223
Bihar,ETHANOL(E100),2023,0
Bihar,LPG ONLY,2023,2596
Bihar,NOT APPLICABLE,2023,6257
Bihar,PETROL,2023,1051893
Bihar,PETROL(E20),2023,15625
Bihar,PETROL(E20)/CNG,2023,0
Bihar,PETROL(E20)/HYBRID,2023,0
Bihar,PETROL(E20)/HYBRID/CNG,2023,1
Bihar,PETROL/CNG,2023,6058
Bihar,PETROL/HYBRID,2023,5786
Bihar,PETROL/HYBRID/CNG,2023,1
Bihar,PETROL/LPG,2023,35
Bihar,PLUG-IN HYBRID EV,2023,0
Bihar,PURE EV,2023,0
Bihar,STRONG HYBRID EV,2023,0
Bihar,CNG ONLY,2024,28184
Bihar,DIESEL,2024,81553
Bihar,DIESEL/HYBRID,2024,6
Bihar,ELECTRIC(BOV),2024,97527
Bihar,ETHANOL(E100),2024,11
Bihar,LPG ONLY,2024,4847
Bihar,NOT APPLICABLE,2024,5138
Bihar,PETROL,2024,1118465
Bihar,PETROL(E20),2024,26279
Bihar,PETROL(E20)/CNG,2024,0
Bihar,PETROL(E20)/HYBRID,2024,0
Bihar,PETROL(E20)/HYBRID/CNG,2024,0
Bihar,PETROL/CNG,2024,11331
Bihar,PETROL/HYBRID,2024,6276
Bihar,PETROL/HYBRID/CNG,2024,1
Bihar,PETROL/LPG,2024,0
Bihar,PLUG-IN HYBRID EV,2024,0
Bihar,PURE EV,2024,15335
Bihar,STRONG HYBRID EV,2024,284
Bihar,CNG ONLY,2025,24568
Bihar,DIESEL,2025,91031
Bihar,DIESEL/HYBRID,2025,73
Bihar,ELECTRIC(BOV),2025,64380
Bihar,ETHANOL(E100),2025,97
Bihar,LPG ONLY,2025,3839
Bihar,NOT APPLICABLE,2025,5280
Bihar,PETROL,2025,878909
Bihar,PETROL(E20),2025,351194
Bihar,PETROL(E20)/CNG,2025,2652
Bihar,PETROL(E20)/HYBRID,2025,918
Bihar,PETROL(E20)/HYBRID/CNG,2025,1
Bihar,PETROL/CNG,2025,19277
Bihar,PETROL/HYBRID,2025,4861
Bihar,PETROL/HYBRID/CNG,2025,1
Bihar,PETROL/LPG,2025,0
Bihar,PLUG-IN HYBRID EV,2025,1
Bihar,PURE EV,2025,59427
Bihar,STRONG HYBRID EV,2025,653
Bihar,CNG ONLY,2026,10758
Bihar,DIESEL,2026,50419
Bihar,DIESEL/HYBRID,2026,73
Bihar,ELECTRIC(BOV),2026,22192
Bihar,ETHANOL(E100),2026,9
Bihar,LPG ONLY,2026,730
Bihar,NOT APPLICABLE,2026,3377
Bihar,PETROL,2026,238867
Bihar,PETROL(E20),2026,404478
Bihar,PETROL(E20)/CNG,2026,13213
Bihar,PETROL(E20)/HYBRID,2026,3023
Bihar,PETROL(E20)/HYBRID/CNG,2026,1
Bihar,PETROL/CNG,2026,2058
Bihar,PETROL/HYBRID,2026,554
Bihar,PETROL/HYBRID/CNG,2026,0
Bihar,PETROL/LPG,2026,0
Bihar,PLUG-IN HYBRID EV,2026,0
Bihar,PURE EV,2026,44656
Bihar,STRONG HYBRID EV,2026,377
Chandigarh,CNG ONLY,2022,256
Chandigarh,DIESEL,2022,9095
Chandigarh,DIESEL/HYBRID,2022,15
Chandigarh,ELECTRIC(BOV),2022,2717
Chandigarh,ETHANOL(E100),2022,0
Chandigarh,PETROL,2022,36233
Chandigarh,PETROL(E20),2022,0
Chandigarh,PETROL(E20)/CNG,2022,0
Chandigarh,PETROL(E20)/HYBRID,2022,0
Chandigarh,PETROL/CNG,2022,1017
Chandigarh,PETROL/HYBRID,2022,1527
Chandigarh,PLUG-IN HYBRID EV,2022,0
Chandigarh,PURE EV,2022,0
Chandigarh,STRONG HYBRID EV,2022,0
Chandigarh,CNG ONLY,2023,121
Chandigarh,DIESEL,2023,7648
Chandigarh,DIESEL/HYBRID,2023,79
Chandigarh,ELECTRIC(BOV),2023,6395
Chandigarh,ETHANOL(E100),2023,0
Chandigarh,PETROL,2023,34458
Chandigarh,PETROL(E20),2023,202
Chandigarh,PETROL(E20)/CNG,2023,1
Chandigarh,PETROL(E20)/HYBRID,2023,0
Chandigarh,PETROL/CNG,2023,578
Chandigarh,PETROL/HYBRID,2023,3753
Chandigarh,PLUG-IN HYBRID EV,2023,0
Chandigarh,PURE EV,2023,0
Chandigarh,STRONG HYBRID EV,2023,0
Chandigarh,CNG ONLY,2024,110
Chandigarh,DIESEL,2024,5309
Chandigarh,DIESEL/HYBRID,2024,110
Chandigarh,ELECTRIC(BOV),2024,5221
Chandigarh,ETHANOL(E100),2024,0
Chandigarh,PETROL,2024,30300
Chandigarh,PETROL(E20),2024,460
Chandigarh,PETROL(E20)/CNG,2024,0
Chandigarh,PETROL(E20)/HYBRID,2024,0
Chandigarh,PETROL/CNG,2024,583
Chandigarh,PETROL/HYBRID,2024,2470
Chandigarh,PLUG-IN HYBRID EV,2024,0
Chandigarh,PURE EV,2024,962
Chandigarh,STRONG HYBRID EV,2024,875
Chandigarh,CNG ONLY,2025,157
Chandigarh,DIESEL,2025,6274
Chandigarh,DIESEL/HYBRID,2025,185
Chandigarh,ELECTRIC(BOV),2025,1936
Chandigarh,ETHANOL(E100),2025,0
Chandigarh,PETROL,2025,24002
Chandigarh,PETROL(E20),2025,10930
Chandigarh,PETROL(E20)/CNG,2025,80
Chandigarh,PETROL(E20)/HYBRID,2025,261
Chandigarh,PETROL/CNG,2025,683
Chandigarh,PETROL/HYBRID,2025,1559
Chandigarh,PLUG-IN HYBRID EV,2025,3
Chandigarh,PURE EV,2025,3244
Chandigarh,STRONG HYBRID EV,2025,1629
Chandigarh,CNG ONLY,2026,57
Chandigarh,DIESEL,2026,3296
Chandigarh,DIESEL/HYBRID,2026,156
Chandigarh,ELECTRIC(BOV),2026,498
Chandigarh,ETHANOL(E100),2026,1
Chandigarh,PETROL,2026,3913
Chandigarh,PETROL(E20),2026,13309
Chandigarh,PETROL(E20)/CNG,2026,409
Chandigarh,PETROL(E20)/HYBRID,2026,579
Chandigarh,PETROL/CNG,2026,79
Chandigarh,PETROL/HYBRID,2026,337
Chandigarh,PLUG-IN HYBRID EV,2026,2
Chandigarh,PURE EV,2026,2613
Chandigarh,STRONG HYBRID EV,2026,833
Chhatisgarh,CNG ONLY,2022,1
Chhatisgarh,DIESEL,2022,66105
Chhatisgarh,DIESEL/HYBRID,2022,10
Chhatisgarh,ELECTRIC(BOV),2022,22364
Chhatisgarh,ETHANOL(E100),2022,0
Chhatisgarh,FUEL CELL HYDROGEN,2022,0
Chhatisgarh,LPG ONLY,2022,79
Chhatisgarh,NOT APPLICABLE,2022,5835
Chhatisgarh,PETROL,2022,400990
Chhatisgarh,PETROL(E20),2022,0
Chhatisgarh,PETROL(E20)/CNG,2022,0
Chhatisgarh,PETROL(E20)/HYBRID,2022,0
Chhatisgarh,PETROL(E20)/HYBRID/CNG,2022,1
Chhatisgarh,PETROL(E20)/LPG,2022,0
Chhatisgarh,PETROL/CNG,2022,12
Chhatisgarh,PETROL/HYBRID,2022,5627
Chhatisgarh,PETROL/HYBRID/CNG,2022,0
Chhatisgarh,PETROL/LPG,2022,12
Chhatisgarh,PURE EV,2022,0
Chhatisgarh,STRONG HYBRID EV,2022,0
Chhatisgarh,CNG ONLY,2023,2
Chhatisgarh,DIESEL,2023,74497
Chhatisgarh,DIESEL/HYBRID,2023,45
Chhatisgarh,ELECTRIC(BOV),2023,38248
Chhatisgarh,ETHANOL(E100),2023,0
Chhatisgarh,FUEL CELL HYDROGEN,2023,0
Chhatisgarh,LPG ONLY,2023,162
Chhatisgarh,NOT APPLICABLE,2023,5892
Chhatisgarh,PETROL,2023,434216
Chhatisgarh,PETROL(E20),2023,3071
Chhatisgarh,PETROL(E20)/CNG,2023,1
Chhatisgarh,PETROL(E20)/HYBRID,2023,0
Chhatisgarh,PETROL(E20)/HYBRID/CNG,2023,0
Chhatisgarh,PETROL(E20)/LPG,2023,1
Chhatisgarh,PETROL/CNG,2023,19
Chhatisgarh,PETROL/HYBRID,2023,8399
Chhatisgarh,PETROL/HYBRID/CNG,2023,0
Chhatisgarh,PETROL/LPG,2023,10
Chhatisgarh,PURE EV,2023,0
Chhatisgarh,STRONG HYBRID EV,2023,0
Chhatisgarh,CNG ONLY,2024,42
Chhatisgarh,DIESEL,2024,88464
Chhatisgarh,DIESEL/HYBRID,2024,107
Chhatisgarh,ELECTRIC(BOV),2024,33158
Chhatisgarh,ETHANOL(E100),2024,8
Chhatisgarh,FUEL CELL HYDROGEN,2024,0
Chhatisgarh,LPG ONLY,2024,122
Chhatisgarh,NOT APPLICABLE,2024,9491
Chhatisgarh,PETROL,2024,550076
Chhatisgarh,PETROL(E20),2024,6098
Chhatisgarh,PETROL(E20)/CNG,2024,3
Chhatisgarh,PETROL(E20)/HYBRID,2024,0
Chhatisgarh,PETROL(E20)/HYBRID/CNG,2024,1
Chhatisgarh,PETROL(E20)/LPG,2024,0
Chhatisgarh,PETROL/CNG,2024,102
Chhatisgarh,PETROL/HYBRID,2024,10014
Chhatisgarh,PETROL/HYBRID/CNG,2024,0
Chhatisgarh,PETROL/LPG,2024,8
Chhatisgarh,PURE EV,2024,15698
Chhatisgarh,STRONG HYBRID EV,2024,616
Chhatisgarh,CNG ONLY,2025,339
Chhatisgarh,DIESEL,2025,93110
Chhatisgarh,DIESEL/HYBRID,2025,159
Chhatisgarh,ELECTRIC(BOV),2025,10838
Chhatisgarh,ETHANOL(E100),2025,25
Chhatisgarh,FUEL CELL HYDROGEN,2025,1
Chhatisgarh,LPG ONLY,2025,10
Chhatisgarh,NOT APPLICABLE,2025,10663
Chhatisgarh,PETROL,2025,437128
Chhatisgarh,PETROL(E20),2025,136940
Chhatisgarh,PETROL(E20)/CNG,2025,76
Chhatisgarh,PETROL(E20)/HYBRID,2025,1214
Chhatisgarh,PETROL(E20)/HYBRID/CNG,2025,0
Chhatisgarh,PETROL(E20)/LPG,2025,4
Chhatisgarh,PETROL/CNG,2025,561
Chhatisgarh,PETROL/HYBRID,2025,9764
Chhatisgarh,PETROL/HYBRID/CNG,2025,1
Chhatisgarh,PETROL/LPG,2025,6
Chhatisgarh,PURE EV,2025,36886
Chhatisgarh,STRONG HYBRID EV,2025,1288
Chhatisgarh,CNG ONLY,2026,154
Chhatisgarh,DIESEL,2026,45586
Chhatisgarh,DIESEL/HYBRID,2026,76
Chhatisgarh,ELECTRIC(BOV),2026,2955
Chhatisgarh,ETHANOL(E100),2026,4
Chhatisgarh,FUEL CELL HYDROGEN,2026,0
Chhatisgarh,LPG ONLY,2026,0
Chhatisgarh,NOT APPLICABLE,2026,5526
Chhatisgarh,PETROL,2026,84648
Chhatisgarh,PETROL(E20),2026,173313
Chhatisgarh,PETROL(E20)/CNG,2026,469
Chhatisgarh,PETROL(E20)/HYBRID,2026,5942
Chhatisgarh,PETROL(E20)/HYBRID/CNG,2026,0
Chhatisgarh,PETROL(E20)/LPG,2026,0
Chhatisgarh,PETROL/CNG,2026,88
Chhatisgarh,PETROL/HYBRID,2026,619
Chhatisgarh,PETROL/HYBRID/CNG,2026,0
Chhatisgarh,PETROL/LPG,2026,0
Chhatisgarh,PURE EV,2026,25441
Chhatisgarh,STRONG HYBRID EV,2026,771
Delhi,CNG ONLY,2022,33693
Delhi,DIESEL,2022,15512
Delhi,DIESEL/HYBRID,2022,18
Delhi,ELECTRIC(BOV),2022,62235
Delhi,ETHANOL(E100),2022,0
Delhi,FLEX-FUEL(ETHANOL),2022,0
Delhi,NOT APPLICABLE,2022,0
Delhi,PETROL,2022,446392
Delhi,PETROL(E20),2022,0
Delhi,PETROL(E20)/CNG,2022,2
Delhi,PETROL(E20)/HYBRID,2022,0
Delhi,PETROL(E20)/HYBRID/CNG,2022,2
Delhi,PETROL/CNG,2022,37035
Delhi,PETROL/HYBRID,2022,12930
Delhi,PETROL/HYBRID/CNG,2022,127
Delhi,PLUG-IN HYBRID EV,2022,0
Delhi,PURE EV,2022,0
Delhi,STRONG HYBRID EV,2022,0
Delhi,CNG ONLY,2023,26810
Delhi,DIESEL,2023,12570
Delhi,DIESEL/HYBRID,2023,40
Delhi,ELECTRIC(BOV),2023,73730
Delhi,ETHANOL(E100),2023,0
Delhi,FLEX-FUEL(ETHANOL),2023,0
Delhi,NOT APPLICABLE,2023,0
Delhi,PETROL,2023,473289
Delhi,PETROL(E20),2023,6333
Delhi,PETROL(E20)/CNG,2023,1
Delhi,PETROL(E20)/HYBRID,2023,0
Delhi,PETROL(E20)/HYBRID/CNG,2023,4
Delhi,PETROL/CNG,2023,41051
Delhi,PETROL/HYBRID,2023,23863
Delhi,PETROL/HYBRID/CNG,2023,116
Delhi,PLUG-IN HYBRID EV,2023,0
Delhi,PURE EV,2023,0
Delhi,STRONG HYBRID EV,2023,0
Delhi,CNG ONLY,2024,24734
Delhi,DIESEL,2024,12275
Delhi,DIESEL/HYBRID,2024,53
Delhi,ELECTRIC(BOV),2024,67935
Delhi,ETHANOL(E100),2024,7
Delhi,FLEX-FUEL(ETHANOL),2024,0
Delhi,NOT APPLICABLE,2024,0
Delhi,PETROL,2024,511897
Delhi,PETROL(E20),2024,11438
Delhi,PETROL(E20)/CNG,2024,4
Delhi,PETROL(E20)/HYBRID,2024,0
Delhi,PETROL(E20)/HYBRID/CNG,2024,0
Delhi,PETROL/CNG,2024,47169
Delhi,PETROL/HYBRID,2024,18054
Delhi,PETROL/HYBRID/CNG,2024,103
Delhi,PLUG-IN HYBRID EV,2024,1
Delhi,PURE EV,2024,12458
Delhi,STRONG HYBRID EV,2024,4980
Delhi,CNG ONLY,2025,30664
Delhi,DIESEL,2025,11213
Delhi,DIESEL/HYBRID,2025,131
Delhi,ELECTRIC(BOV),2025,42517
Delhi,ETHANOL(E100),2025,31
Delhi,FLEX-FUEL(ETHANOL),2025,0
Delhi,NOT APPLICABLE,2025,5
Delhi,PETROL,2025,389326
Delhi,PETROL(E20),2025,199451
Delhi,PETROL(E20)/CNG,2025,6077
Delhi,PETROL(E20)/HYBRID,2025,1775
Delhi,PETROL(E20)/HYBRID/CNG,2025,8
Delhi,PETROL/CNG,2025,46170
Delhi,PETROL/HYBRID,2025,11603
Delhi,PETROL/HYBRID/CNG,2025,79
Delhi,PLUG-IN HYBRID EV,2025,2
Delhi,PURE EV,2025,71241
Delhi,STRONG HYBRID EV,2025,7765
Delhi,CNG ONLY,2026,14906
Delhi,DIESEL,2026,6086
Delhi,DIESEL/HYBRID,2026,133
Delhi,ELECTRIC(BOV),2026,4798
Delhi,ETHANOL(E100),2026,0
Delhi,FLEX-FUEL(ETHANOL),2026,2
Delhi,NOT APPLICABLE,2026,0
Delhi,PETROL,2026,93766
Delhi,PETROL(E20),2026,198237
Delhi,PETROL(E20)/CNG,2026,28121
Delhi,PETROL(E20)/HYBRID,2026,4057
Delhi,PETROL(E20)/HYBRID/CNG,2026,16
Delhi,PETROL/CNG,2026,4747
Delhi,PETROL/HYBRID,2026,2471
Delhi,PETROL/HYBRID/CNG,2026,9
Delhi,PLUG-IN HYBRID EV,2026,1
Delhi,PURE EV,2026,41146
Delhi,STRONG HYBRID EV,2026,5037
Goa,CNG ONLY,2022,222
Goa,DIESEL,2022,4244
Goa,DIESEL/HYBRID,2022,11
Goa,ELECTRIC(BOV),2022,5687
Goa,ETHANOL(E100),2022,0
Goa,LPG ONLY,2022,1
Goa,NOT APPLICABLE,2022,4
Goa,PETROL,2022,58614
Goa,PETROL(E20),2022,0
Goa,PETROL(E20)/CNG,2022,0
Goa,PETROL(E20)/HYBRID,2022,0
Goa,PETROL/CNG,2022,544
Goa,PETROL/HYBRID,2022,1487
Goa,PETROL/LPG,2022,1
Goa,PURE EV,2022,0
Goa,STRONG HYBRID EV,2022,0
Goa,CNG ONLY,2023,154
Goa,DIESEL,2023,4822
Goa,DIESEL/HYBRID,2023,15
Goa,ELECTRIC(BOV),2023,9484
Goa,ETHANOL(E100),2023,0
Goa,LPG ONLY,2023,0
Goa,NOT APPLICABLE,2023,2
Goa,PETROL,2023,56344
Goa,PETROL(E20),2023,6668
Goa,PETROL(E20)/CNG,2023,0
Goa,PETROL(E20)/HYBRID,2023,0
Goa,PETROL/CNG,2023,1002
Goa,PETROL/HYBRID,2023,2797
Goa,PETROL/LPG,2023,0
Goa,PURE EV,2023,0
Goa,STRONG HYBRID EV,2023,0
Goa,CNG ONLY,2024,222
Goa,DIESEL,2024,5333
Goa,DIESEL/HYBRID,2024,51
Goa,ELECTRIC(BOV),2024,9028
Goa,ETHANOL(E100),2024,1
Goa,LPG ONLY,2024,0
Goa,NOT APPLICABLE,2024,2
Goa,PETROL,2024,52944
Goa,PETROL(E20),2024,9624
Goa,PETROL(E20)/CNG,2024,0
Goa,PETROL(E20)/HYBRID,2024,0
Goa,PETROL/CNG,2024,1197
Goa,PETROL/HYBRID,2024,3186
Goa,PETROL/LPG,2024,0
Goa,PURE EV,2024,2464
Goa,STRONG HYBRID EV,2024,266
Goa,CNG ONLY,2025,204
Goa,DIESEL,2025,5192
Goa,DIESEL/HYBRID,2025,58
Goa,ELECTRIC(BOV),2025,2947
Goa,ETHANOL(E100),2025,3
Goa,LPG ONLY,2025,0
Goa,NOT APPLICABLE,2025,2
Goa,PETROL,2025,47145
Goa,PETROL(E20),2025,20166
Goa,PETROL(E20)/CNG,2025,126
Goa,PETROL(E20)/HYBRID,2025,513
Goa,PETROL/CNG,2025,949
Goa,PETROL/HYBRID,2025,2118
Goa,PETROL/LPG,2025,0
Goa,PURE EV,2025,6420
Goa,STRONG HYBRID EV,2025,513
Goa,CNG ONLY,2026,92
Goa,DIESEL,2026,2581
Goa,DIESEL/HYBRID,2026,35
Goa,ELECTRIC(BOV),2026,996
Goa,ETHANOL(E100),2026,0
Goa,LPG ONLY,2026,0
Goa,NOT APPLICABLE,2026,10
Goa,PETROL,2026,10428
Goa,PETROL(E20),2026,22078
Goa,PETROL(E20)/CNG,2026,574
Goa,PETROL(E20)/HYBRID,2026,1177
Goa,PETROL/CNG,2026,45
Goa,PETROL/HYBRID,2026,140
Goa,PETROL/LPG,2026,0
Goa,PURE EV,2026,4929
Goa,STRONG HYBRID EV,2026,208
Gujarat,CNG ONLY,2022,50168
Gujarat,DIESEL,2022,187783
Gujarat,DIESEL/HYBRID,2022,109
Gujarat,ELECTRIC(BOV),2022,68991
Gujarat,ETHANOL(E100),2022,0
Gujarat,FUEL CELL HYDROGEN,2022,0
Gujarat,LNG,2022,5
Gujarat,LPG ONLY,2022,0
Gujarat,NOT APPLICABLE,2022,4137
Gujarat,PETROL,2022,1163512
Gujarat,PETROL(E20),2022,0
Gujarat,PETROL(E20)/CNG,2022,2
Gujarat,PETROL(E20)/HYBRID,2022,0
Gujarat,PETROL(E20)/HYBRID/CNG,2022,10
Gujarat,PETROL/CNG,2022,81022
Gujarat,PETROL/HYBRID,2022,13447
Gujarat,PETROL/HYBRID/CNG,2022,123
Gujarat,PETROL/LPG,2022,1
Gujarat,PLUG-IN HYBRID EV,2022,0
Gujarat,PURE EV,2022,0
Gujarat,STRONG HYBRID EV,2022,1
Gujarat,CNG ONLY,2023,76434
Gujarat,DIESEL,2023,244115
Gujarat,DIESEL/HYBRID,2023,440
Gujarat,ELECTRIC(BOV),2023,88614
Gujarat,ETHANOL(E100),2023,0
Gujarat,FUEL CELL HYDROGEN,2023,0
Gujarat,LNG,2023,29
Gujarat,LPG ONLY,2023,0
Gujarat,NOT APPLICABLE,2023,4024
Gujarat,PETROL,2023,1260535
Gujarat,PETROL(E20),2023,14355
Gujarat,PETROL(E20)/CNG,2023,1
Gujarat,PETROL(E20)/HYBRID,2023,0
Gujarat,PETROL(E20)/HYBRID/CNG,2023,7
Gujarat,PETROL/CNG,2023,111347
Gujarat,PETROL/HYBRID,2023,21690
Gujarat,PETROL/HYBRID/CNG,2023,122
Gujarat,PETROL/LPG,2023,0
Gujarat,PLUG-IN HYBRID EV,2023,0
Gujarat,PURE EV,2023,0
Gujarat,STRONG HYBRID EV,2023,0
Gujarat,CNG ONLY,2024,88901
Gujarat,DIESEL,2024,251249
Gujarat,DIESEL/HYBRID,2024,847
Gujarat,ELECTRIC(BOV),2024,50006
Gujarat,ETHANOL(E100),2024,5
Gujarat,FUEL CELL HYDROGEN,2024,4
Gujarat,LNG,2024,22
Gujarat,LPG ONLY,2024,0
Gujarat,NOT APPLICABLE,2024,3277
Gujarat,PETROL,2024,1302448
Gujarat,PETROL(E20),2024,22488
Gujarat,PETROL(E20)/CNG,2024,2
Gujarat,PETROL(E20)/HYBRID,2024,0
Gujarat,PETROL(E20)/HYBRID/CNG,2024,2
Gujarat,PETROL/CNG,2024,133782
Gujarat,PETROL/HYBRID,2024,15908
Gujarat,PETROL/HYBRID/CNG,2024,51
Gujarat,PETROL/LPG,2024,1
Gujarat,PLUG-IN HYBRID EV,2024,2
Gujarat,PURE EV,2024,25751
Gujarat,STRONG HYBRID EV,2024,4583
Gujarat,CNG ONLY,2025,93702
Gujarat,DIESEL,2025,257335
Gujarat,DIESEL/HYBRID,2025,1143
Gujarat,ELECTRIC(BOV),2025,9236
Gujarat,ETHANOL(E100),2025,23
Gujarat,FUEL CELL HYDROGEN,2025,0
Gujarat,LNG,2025,59
Gujarat,LPG ONLY,2025,6
Gujarat,NOT APPLICABLE,2025,2475
Gujarat,PETROL,2025,1146279
Gujarat,PETROL(E20),2025,336703
Gujarat,PETROL(E20)/CNG,2025,19416
Gujarat,PETROL(E20)/HYBRID,2025,2203
Gujarat,PETROL(E20)/HYBRID/CNG,2025,3
Gujarat,PETROL/CNG,2025,135867
Gujarat,PETROL/HYBRID,2025,10943
Gujarat,PETROL/HYBRID/CNG,2025,41
Gujarat,PETROL/LPG,2025,0
Gujarat,PLUG-IN HYBRID EV,2025,3
Gujarat,PURE EV,2025,66535
Gujarat,STRONG HYBRID EV,2025,8140
Gujarat,CNG ONLY,2026,48000
Gujarat,DIESEL,2026,120656
Gujarat,DIESEL/HYBRID,2026,655
Gujarat,ELECTRIC(BOV),2026,2395
Gujarat,ETHANOL(E100),2026,0
Gujarat,FUEL CELL HYDROGEN,2026,0
Gujarat,LNG,2026,1
Gujarat,LPG ONLY,2026,0
Gujarat,NOT APPLICABLE,2026,2060
Gujarat,PETROL,2026,237754
Gujarat,PETROL(E20),2026,467856
Gujarat,PETROL(E20)/CNG,2026,68201
Gujarat,PETROL(E20)/HYBRID,2026,4533
Gujarat,PETROL(E20)/HYBRID/CNG,2026,8
Gujarat,PETROL/CNG,2026,15541
Gujarat,PETROL/HYBRID,2026,1853
Gujarat,PETROL/HYBRID/CNG,2026,14
Gujarat,PETROL/LPG,2026,0
Gujarat,PLUG-IN HYBRID EV,2026,1
Gujarat,PURE EV,2026,52331
Gujarat,STRONG HYBRID EV,2026,4388
Haryana,CNG ONLY,2022,26449
Haryana,DIESEL,2022,123230
Haryana,DIESEL/HYBRID,2022,20
Haryana,DUAL DIESEL/CNG,2022,2
Haryana,ELECTRIC(BOV),2022,25858
Haryana,ETHANOL(E100),2022,0
Haryana,FUEL CELL HYDROGEN,2022,0
Haryana,LNG,2022,0
Haryana,NOT APPLICABLE,2022,198
Haryana,PETROL,2022,505957
Haryana,PETROL(E20),2022,0
Haryana,PETROL(E20)/CNG,2022,4
Haryana,PETROL(E20)/HYBRID,2022,0
Haryana,PETROL(E20)/HYBRID/CNG,2022,1
Haryana,PETROL(E20)/LPG,2022,0
Haryana,PETROL/CNG,2022,46991
Haryana,PETROL/HYBRID,2022,10804
Haryana,PETROL/HYBRID/CNG,2022,38
Haryana,PETROL/LPG,2022,262
Haryana,PLUG-IN HYBRID EV,2022,0
Haryana,PURE EV,2022,0
Haryana,STRONG HYBRID EV,2022,0
Haryana,CNG ONLY,2023,28389
Haryana,DIESEL,2023,136621
Haryana,DIESEL/HYBRID,2023,80
Haryana,DUAL DIESEL/CNG,2023,0
Haryana,ELECTRIC(BOV),2023,30542
Haryana,ETHANOL(E100),2023,0
Haryana,FUEL CELL HYDROGEN,2023,0
Haryana,LNG,2023,0
Haryana,NOT APPLICABLE,2023,456
Haryana,PETROL,2023,550297
Haryana,PETROL(E20),2023,2844
Haryana,PETROL(E20)/CNG,2023,4
Haryana,PETROL(E20)/HYBRID,2023,0
Haryana,PETROL(E20)/HYBRID/CNG,2023,9
Haryana,PETROL(E20)/LPG,2023,0
Haryana,PETROL/CNG,2023,63537
Haryana,PETROL/HYBRID,2023,22752
Haryana,PETROL/HYBRID/CNG,2023,71
Haryana,PETROL/LPG,2023,218
Haryana,PLUG-IN HYBRID EV,2023,0
Haryana,PURE EV,2023,9
Haryana,STRONG HYBRID EV,2023,0
Haryana,CNG ONLY,2024,31904
Haryana,DIESEL,2024,142791
Haryana,DIESEL/HYBRID,2024,219
Haryana,DUAL DIESEL/CNG,2024,0
Haryana,ELECTRIC(BOV),2024,31268
Haryana,ETHANOL(E100),2024,3
Haryana,FUEL CELL HYDROGEN,2024,11
Haryana,LNG,2024,0
Haryana,NOT APPLICABLE,2024,248
Haryana,PETROL,2024,660964
Haryana,PETROL(E20),2024,6912
Haryana,PETROL(E20)/CNG,2024,4
Haryana,PETROL(E20)/HYBRID,2024,0
Haryana,PETROL(E20)/HYBRID/CNG,2024,4
Haryana,PETROL(E20)/LPG,2024,0
Haryana,PETROL/CNG,2024,84838
Haryana,PETROL/HYBRID,2024,20343
Haryana,PETROL/HYBRID/CNG,2024,57
Haryana,PETROL/LPG,2024,170
Haryana,PLUG-IN HYBRID EV,2024,4
Haryana,PURE EV,2024,11724
Haryana,STRONG HYBRID EV,2024,4810
Haryana,CNG ONLY,2025,35550
Haryana,DIESEL,2025,159288
Haryana,DIESEL/HYBRID,2025,465
Haryana,DUAL DIESEL/CNG,2025,0
Haryana,ELECTRIC(BOV),2025,13942
Haryana,ETHANOL(E100),2025,11
Haryana,FUEL CELL HYDROGEN,2025,0
Haryana,LNG,2025,20
Haryana,NOT APPLICABLE,2025,305
Haryana,PETROL,2025,520835
Haryana,PETROL(E20),2025,191966
Haryana,PETROL(E20)/CNG,2025,13853
Haryana,PETROL(E20)/HYBRID,2025,2223
Haryana,PETROL(E20)/HYBRID/CNG,2025,8
Haryana,PETROL(E20)/LPG,2025,9
Haryana,PETROL/CNG,2025,95746
Haryana,PETROL/HYBRID,2025,14001
Haryana,PETROL/HYBRID/CNG,2025,102
Haryana,PETROL/LPG,2025,67
Haryana,PLUG-IN HYBRID EV,2025,14
Haryana,PURE EV,2025,23451
Haryana,STRONG HYBRID EV,2025,9356
Haryana,CNG ONLY,2026,17070
Haryana,DIESEL,2026,93484
Haryana,DIESEL/HYBRID,2026,483
Haryana,DUAL DIESEL/CNG,2026,0
Haryana,ELECTRIC(BOV),2026,4541
Haryana,ETHANOL(E100),2026,1
Haryana,FUEL CELL HYDROGEN,2026,0
Haryana,LNG,2026,2
Haryana,NOT APPLICABLE,2026,139
Haryana,PETROL,2026,130472
Haryana,PETROL(E20),2026,195204
Haryana,PETROL(E20)/CNG,2026,55650
Haryana,PETROL(E20)/HYBRID,2026,4829
Haryana,PETROL(E20)/HYBRID/CNG,2026,13
Haryana,PETROL(E20)/LPG,2026,3
Haryana,PETROL/CNG,2026,10562
Haryana,PETROL/HYBRID,2026,3101
Haryana,PETROL/HYBRID/CNG,2026,13
Haryana,PETROL/LPG,2026,4
Haryana,PLUG-IN HYBRID EV,2026,1
Haryana,PURE EV,2026,12914
Haryana,STRONG HYBRID EV,2026,5021
Himachal pradesh,CNG ONLY,2022,116
Himachal pradesh,DIESEL,2022,17208
Himachal pradesh,DIESEL/HYBRID,2022,15
Himachal pradesh,ELECTRIC(BOV),2022,1016
Himachal pradesh,ETHANOL(E100),2022,0
Himachal pradesh,NOT APPLICABLE,2022,0
Himachal pradesh,PETROL,2022,99296
Himachal pradesh,PETROL(E20),2022,0
Himachal pradesh,PETROL(E20)/CNG,2022,0
Himachal pradesh,PETROL(E20)/HYBRID,2022,0
Himachal pradesh,PETROL/CNG,2022,240
Himachal pradesh,PETROL/HYBRID,2022,1423
Himachal pradesh,PETROL/HYBRID/CNG,2022,0
Himachal pradesh,PETROL/METHANOL,2022,0
Himachal pradesh,PLUG-IN HYBRID EV,2022,0
Himachal pradesh,PURE EV,2022,0
Himachal pradesh,STRONG HYBRID EV,2022,0
Himachal pradesh,CNG ONLY,2023,61
Himachal pradesh,DIESEL,2023,18332
Himachal pradesh,DIESEL/HYBRID,2023,49
Himachal pradesh,ELECTRIC(BOV),2023,1142
Himachal pradesh,ETHANOL(E100),2023,0
Himachal pradesh,NOT APPLICABLE,2023,1
Himachal pradesh,PETROL,2023,102680
Himachal pradesh,PETROL(E20),2023,1408
Himachal pradesh,PETROL(E20)/CNG,2023,0
Himachal pradesh,PETROL(E20)/HYBRID,2023,0
Himachal pradesh,PETROL/CNG,2023,230
Himachal pradesh,PETROL/HYBRID,2023,3920
Himachal pradesh,PETROL/HYBRID/CNG,2023,1
Himachal pradesh,PETROL/METHANOL,2023,0
Himachal pradesh,PLUG-IN HYBRID EV,2023,0
Himachal pradesh,PURE EV,2023,0
Himachal pradesh,STRONG HYBRID EV,2023,0
Himachal pradesh,CNG ONLY,2024,70
Himachal pradesh,DIESEL,2024,21207
Himachal pradesh,DIESEL/HYBRID,2024,85
Himachal pradesh,ELECTRIC(BOV),2024,1364
Himachal pradesh,ETHANOL(E100),2024,0
Himachal pradesh,NOT APPLICABLE,2024,0
Himachal pradesh,PETROL,2024,116709
Himachal pradesh,PETROL(E20),2024,2562
Himachal pradesh,PETROL(E20)/CNG,2024,0
Himachal pradesh,PETROL(E20)/HYBRID,2024,0
Himachal pradesh,PETROL/CNG,2024,432
Himachal pradesh,PETROL/HYBRID,2024,4562
Himachal pradesh,PETROL/HYBRID/CNG,2024,0
Himachal pradesh,PETROL/METHANOL,2024,0
Himachal pradesh,PLUG-IN HYBRID EV,2024,1
Himachal pradesh,PURE EV,2024,399
Himachal pradesh,STRONG HYBRID EV,2024,353
Himachal pradesh,CNG ONLY,2025,246
Himachal pradesh,DIESEL,2025,22302
Himachal pradesh,DIESEL/HYBRID,2025,98
Himachal pradesh,ELECTRIC(BOV),2025,569
Himachal pradesh,ETHANOL(E100),2025,3
Himachal pradesh,NOT APPLICABLE,2025,0
Himachal pradesh,PETROL,2025,92192
Himachal pradesh,PETROL(E20),2025,40504
Himachal pradesh,PETROL(E20)/CNG,2025,44
Himachal pradesh,PETROL(E20)/HYBRID,2025,429
Himachal pradesh,PETROL/CNG,2025,511
Himachal pradesh,PETROL/HYBRID,2025,3882
Himachal pradesh,PETROL/HYBRID/CNG,2025,0
Himachal pradesh,PETROL/METHANOL,2025,2
Himachal pradesh,PLUG-IN HYBRID EV,2025,3
Himachal pradesh,PURE EV,2025,1362
Himachal pradesh,STRONG HYBRID EV,2025,625
Himachal pradesh,CNG ONLY,2026,40
Himachal pradesh,DIESEL,2026,11744
Himachal pradesh,DIESEL/HYBRID,2026,108
Himachal pradesh,ELECTRIC(BOV),2026,83
Himachal pradesh,ETHANOL(E100),2026,0
Himachal pradesh,NOT APPLICABLE,2026,0
Himachal pradesh,PETROL,2026,13275
Himachal pradesh,PETROL(E20),2026,49164
Himachal pradesh,PETROL(E20)/CNG,2026,332
Himachal pradesh,PETROL(E20)/HYBRID,2026,2014
Himachal pradesh,PETROL/CNG,2026,68
Himachal pradesh,PETROL/HYBRID,2026,662
Himachal pradesh,PETROL/HYBRID/CNG,2026,0
Himachal pradesh,PETROL/METHANOL,2026,0
Himachal pradesh,PLUG-IN HYBRID EV,2026,0
Himachal pradesh,PURE EV,2026,951
Himachal pradesh,STRONG HYBRID EV,2026,457
J&K,CNG ONLY,2022,0
J&K,DIESEL,2022,23688
J&K,DIESEL/HYBRID,2022,2
J&K,ELECTRIC(BOV),2022,4691
J&K,ETHANOL(E100),2022,0
J&K,PETROL,2022,132927
J&K,PETROL(E20),2022,0
J&K,PETROL(E20)/CNG,2022,0
J&K,PETROL(E20)/HYBRID,2022,0
J&K,PETROL/CNG,2022,3
J&K,PETROL/HYBRID,2022,1577
J&K,PURE EV,2022,0
J&K,STRONG HYBRID EV,2022,0
J&K,CNG ONLY,2023,0
J&K,DIESEL,2023,23470
J&K,DIESEL/HYBRID,2023,3
J&K,ELECTRIC(BOV),2023,9752
J&K,ETHANOL(E100),2023,0
J&K,PETROL,2023,133678
J&K,PETROL(E20),2023,1668
J&K,PETROL(E20)/CNG,2023,0
J&K,PETROL(E20)/HYBRID,2023,0
J&K,PETROL/CNG,2023,5
J&K,PETROL/HYBRID,2023,3062
J&K,PURE EV,2023,1
J&K,STRONG HYBRID EV,2023,0
J&K,CNG ONLY,2024,2
J&K,DIESEL,2024,25973
J&K,DIESEL/HYBRID,2024,12
J&K,ELECTRIC(BOV),2024,11639
J&K,ETHANOL(E100),2024,0
J&K,PETROL,2024,132865
J&K,PETROL(E20),2024,2671
J&K,PETROL(E20)/CNG,2024,0
J&K,PETROL(E20)/HYBRID,2024,0
J&K,PETROL/CNG,2024,3
J&K,PETROL/HYBRID,2024,4526
J&K,PURE EV,2024,1573
J&K,STRONG HYBRID EV,2024,155
J&K,CNG ONLY,2025,23
J&K,DIESEL,2025,25930
J&K,DIESEL/HYBRID,2025,53
J&K,ELECTRIC(BOV),2025,6041
J&K,ETHANOL(E100),2025,1
J&K,PETROL,2025,92693
J&K,PETROL(E20),2025,55558
J&K,PETROL(E20)/CNG,2025,37
J&K,PETROL(E20)/HYBRID,2025,627
J&K,PETROL/CNG,2025,70
J&K,PETROL/HYBRID,2025,3235
J&K,PURE EV,2025,5787
J&K,STRONG HYBRID EV,2025,272
J&K,CNG ONLY,2026,5
J&K,DIESEL,2026,15878
J&K,DIESEL/HYBRID,2026,45
J&K,ELECTRIC(BOV),2026,1905
J&K,ETHANOL(E100),2026,0
J&K,PETROL,2026,15030
J&K,PETROL(E20),2026,67183
J&K,PETROL(E20)/CNG,2026,97
J&K,PETROL(E20)/HYBRID,2026,2033
J&K,PETROL/CNG,2026,4
J&K,PETROL/HYBRID,2026,284
J&K,PURE EV,2026,5572
J&K,STRONG HYBRID EV,2026,179
Jharkhand,CNG ONLY,2022,4376
Jharkhand,DIESEL,2022,37958
Jharkhand,DIESEL/HYBRID,2022,3
Jharkhand,ELECTRIC(BOV),2022,13679
Jharkhand,ETHANOL(E100),2022,0
Jharkhand,LNG,2022,0
Jharkhand,LPG ONLY,2022,2
Jharkhand,NOT APPLICABLE,2022,465
Jharkhand,PETROL,2022,429075
Jharkhand,PETROL(E20),2022,0
Jharkhand,PETROL(E20)/CNG,2022,0
Jharkhand,PETROL(E20)/HYBRID,2022,0
Jharkhand,PETROL(E20)/HYBRID/CNG,2022,0
Jharkhand,PETROL/CNG,2022,1706
Jharkhand,PETROL/HYBRID,2022,4371
Jharkhand,PETROL/HYBRID/CNG,2022,1
Jharkhand,PURE EV,2022,0
Jharkhand,STRONG HYBRID EV,2022,0
Jharkhand,CNG ONLY,2023,5211
Jharkhand,DIESEL,2023,44425
Jharkhand,DIESEL/HYBRID,2023,17
Jharkhand,ELECTRIC(BOV),2023,21125
Jharkhand,ETHANOL(E100),2023,0
Jharkhand,LNG,2023,0
Jharkhand,LPG ONLY,2023,203
Jharkhand,NOT APPLICABLE,2023,522
Jharkhand,PETROL,2023,459262
Jharkhand,PETROL(E20),2023,6752
Jharkhand,PETROL(E20)/CNG,2023,0
Jharkhand,PETROL(E20)/HYBRID,2023,0
Jharkhand,PETROL(E20)/HYBRID/CNG,2023,1
Jharkhand,PETROL/CNG,2023,1571
Jharkhand,PETROL/HYBRID,2023,5931
Jharkhand,PETROL/HYBRID/CNG,2023,0
Jharkhand,PURE EV,2023,0
Jharkhand,STRONG HYBRID EV,2023,0
Jharkhand,CNG ONLY,2024,5618
Jharkhand,DIESEL,2024,48167
Jharkhand,DIESEL/HYBRID,2024,33
Jharkhand,ELECTRIC(BOV),2024,20921
Jharkhand,ETHANOL(E100),2024,9
Jharkhand,LNG,2024,1
Jharkhand,LPG ONLY,2024,1488
Jharkhand,NOT APPLICABLE,2024,397
Jharkhand,PETROL,2024,475388
Jharkhand,PETROL(E20),2024,12326
Jharkhand,PETROL(E20)/CNG,2024,0
Jharkhand,PETROL(E20)/HYBRID,2024,0
Jharkhand,PETROL(E20)/HYBRID/CNG,2024,2
Jharkhand,PETROL/CNG,2024,3116
Jharkhand,PETROL/HYBRID,2024,6385
Jharkhand,PETROL/HYBRID/CNG,2024,3
Jharkhand,PURE EV,2024,5061
Jharkhand,STRONG HYBRID EV,2024,299
Jharkhand,CNG ONLY,2025,5648
Jharkhand,DIESEL,2025,55835
Jharkhand,DIESEL/HYBRID,2025,79
Jharkhand,ELECTRIC(BOV),2025,16192
Jharkhand,ETHANOL(E100),2025,13
Jharkhand,LNG,2025,0
Jharkhand,LPG ONLY,2025,1801
Jharkhand,NOT APPLICABLE,2025,605
Jharkhand,PETROL,2025,386799
Jharkhand,PETROL(E20),2025,180190
Jharkhand,PETROL(E20)/CNG,2025,851
Jharkhand,PETROL(E20)/HYBRID,2025,1170
Jharkhand,PETROL(E20)/HYBRID/CNG,2025,0
Jharkhand,PETROL/CNG,2025,5274
Jharkhand,PETROL/HYBRID,2025,6182
Jharkhand,PETROL/HYBRID/CNG,2025,2
Jharkhand,PURE EV,2025,17837
Jharkhand,STRONG HYBRID EV,2025,663
Jharkhand,CNG ONLY,2026,2564
Jharkhand,DIESEL,2026,29432
Jharkhand,DIESEL/HYBRID,2026,78
Jharkhand,ELECTRIC(BOV),2026,5858
Jharkhand,ETHANOL(E100),2026,0
Jharkhand,LNG,2026,0
Jharkhand,LPG ONLY,2026,323
Jharkhand,NOT APPLICABLE,2026,207
Jharkhand,PETROL,2026,81263
Jharkhand,PETROL(E20),2026,204317
Jharkhand,PETROL(E20)/CNG,2026,4348
Jharkhand,PETROL(E20)/HYBRID,2026,3827
Jharkhand,PETROL(E20)/HYBRID/CNG,2026,0
Jharkhand,PETROL/CNG,2026,313
Jharkhand,PETROL/HYBRID,2026,460
Jharkhand,PETROL/HYBRID/CNG,2026,0
Jharkhand,PURE EV,2026,13554
Jharkhand,STRONG HYBRID EV,2026,316
Karnataka,CNG ONLY,2022,16757
Karnataka,DIESEL,2022,188065
Karnataka,DIESEL/HYBRID,2022,71
Karnataka,DUAL DIESEL/CNG,2022,2
Karnataka,DUAL DIESEL/LNG,2022,1
Karnataka,ELECTRIC(BOV),2022,95781
Karnataka,ETHANOL(E100),2022,0
Karnataka,FLEX-FUEL(BIO-DIESEL),2022,0
Karnataka,LNG,2022,0
Karnataka,LPG ONLY,2022,3311
Karnataka,NOT APPLICABLE,2022,18168
Karnataka,PETROL,2022,1174469
Karnataka,PETROL(E20),2022,0
Karnataka,PETROL(E20)/CNG,2022,1
Karnataka,PETROL(E20)/HYBRID,2022,0
Karnataka,PETROL(E20)/HYBRID/CNG,2022,4
Karnataka,PETROL/CNG,2022,16260
Karnataka,PETROL/HYBRID,2022,18238
Karnataka,PETROL/HYBRID/CNG,2022,5
Karnataka,PETROL/LPG,2022,1089
Karnataka,PLUG-IN HYBRID EV,2022,0
Karnataka,PURE EV,2022,1
Karnataka,STRONG HYBRID EV,2022,0
Karnataka,CNG ONLY,2023,41014
Karnataka,DIESEL,2023,194530
Karnataka,DIESEL/HYBRID,2023,263
Karnataka,DUAL DIESEL/CNG,2023,0
Karnataka,DUAL DIESEL/LNG,2023,0
Karnataka,ELECTRIC(BOV),2023,152665
Karnataka,ETHANOL(E100),2023,0
Karnataka,FLEX-FUEL(BIO-DIESEL),2023,0
Karnataka,LNG,2023,0
Karnataka,LPG ONLY,2023,5233
Karnataka,NOT APPLICABLE,2023,14314
Karnataka,PETROL,2023,1252284
Karnataka,PETROL(E20),2023,31661
Karnataka,PETROL(E20)/CNG,2023,5
Karnataka,PETROL(E20)/HYBRID,2023,0
Karnataka,PETROL(E20)/HYBRID/CNG,2023,4
Karnataka,PETROL/CNG,2023,22211
Karnataka,PETROL/HYBRID,2023,32065
Karnataka,PETROL/HYBRID/CNG,2023,14
Karnataka,PETROL/LPG,2023,348
Karnataka,PLUG-IN HYBRID EV,2023,0
Karnataka,PURE EV,2023,1
Karnataka,STRONG HYBRID EV,2023,0
Karnataka,CNG ONLY,2024,55946
Karnataka,DIESEL,2024,193738
Karnataka,DIESEL/HYBRID,2024,548
Karnataka,DUAL DIESEL/CNG,2024,0
Karnataka,DUAL DIESEL/LNG,2024,21
Karnataka,ELECTRIC(BOV),2024,128461
Karnataka,ETHANOL(E100),2024,10
Karnataka,FLEX-FUEL(BIO-DIESEL),2024,0
Karnataka,LNG,2024,0
Karnataka,LPG ONLY,2024,5204
Karnataka,NOT APPLICABLE,2024,13046
Karnataka,PETROL,2024,1327223
Karnataka,PETROL(E20),2024,48512
Karnataka,PETROL(E20)/CNG,2024,6
Karnataka,PETROL(E20)/HYBRID,2024,0
Karnataka,PETROL(E20)/HYBRID/CNG,2024,4
Karnataka,PETROL/CNG,2024,33954
Karnataka,PETROL/HYBRID,2024,24376
Karnataka,PETROL/HYBRID/CNG,2024,20
Karnataka,PETROL/LPG,2024,11
Karnataka,PLUG-IN HYBRID EV,2024,0
Karnataka,PURE EV,2024,50743
Karnataka,STRONG HYBRID EV,2024,6290
Karnataka,CNG ONLY,2025,49922
Karnataka,DIESEL,2025,202590
Karnataka,DIESEL/HYBRID,2025,1055
Karnataka,DUAL DIESEL/CNG,2025,0
Karnataka,DUAL DIESEL/LNG,2025,30
Karnataka,ELECTRIC(BOV),2025,48229
Karnataka,ETHANOL(E100),2025,160
Karnataka,FLEX-FUEL(BIO-DIESEL),2025,0
Karnataka,LNG,2025,24
Karnataka,LPG ONLY,2025,5178
Karnataka,NOT APPLICABLE,2025,14277
Karnataka,PETROL,2025,936118
Karnataka,PETROL(E20),2025,427212
Karnataka,PETROL(E20)/CNG,2025,4987
Karnataka,PETROL(E20)/HYBRID,2025,2894
Karnataka,PETROL(E20)/HYBRID/CNG,2025,1
Karnataka,PETROL/CNG,2025,36283
Karnataka,PETROL/HYBRID,2025,17420
Karnataka,PETROL/HYBRID/CNG,2025,6
Karnataka,PETROL/LPG,2025,3
Karnataka,PLUG-IN HYBRID EV,2025,2
Karnataka,PURE EV,2025,155458
Karnataka,STRONG HYBRID EV,2025,11221
Karnataka,CNG ONLY,2026,26880
Karnataka,DIESEL,2026,112123
Karnataka,DIESEL/HYBRID,2026,548
Karnataka,DUAL DIESEL/CNG,2026,0
Karnataka,DUAL DIESEL/LNG,2026,11
Karnataka,ELECTRIC(BOV),2026,22750
Karnataka,ETHANOL(E100),2026,0
Karnataka,FLEX-FUEL(BIO-DIESEL),2026,4
Karnataka,LNG,2026,8
Karnataka,LPG ONLY,2026,2389
Karnataka,NOT APPLICABLE,2026,6818
Karnataka,PETROL,2026,218272
Karnataka,PETROL(E20),2026,511046
Karnataka,PETROL(E20)/CNG,2026,25303
Karnataka,PETROL(E20)/HYBRID,2026,9952
Karnataka,PETROL(E20)/HYBRID/CNG,2026,0
Karnataka,PETROL/CNG,2026,2283
Karnataka,PETROL/HYBRID,2026,2828
Karnataka,PETROL/HYBRID/CNG,2026,0
Karnataka,PETROL/LPG,2026,2
Karnataka,PLUG-IN HYBRID EV,2026,1
Karnataka,PURE EV,2026,114920
Karnataka,STRONG HYBRID EV,2026,6314
Kerala,CNG ONLY,2022,9816
Kerala,DIESEL,2022,55836
Kerala,DIESEL/HYBRID,2022,68
Kerala,ELECTRIC(BOV),2022,39640
Kerala,ETHANOL(E100),2022,0
Kerala,LPG ONLY,2022,29
Kerala,METHANOL,2022,0
Kerala,NOT APPLICABLE,2022,0
Kerala,PETROL,2022,661524
Kerala,PETROL(E20),2022,0
Kerala,PETROL(E20)/CNG,2022,1
Kerala,PETROL(E20)/HYBRID,2022,0
Kerala,PETROL(E20)/HYBRID/CNG,2022,1
Kerala,PETROL(E20)/LPG,2022,0
Kerala,PETROL/CNG,2022,4890
Kerala,PETROL/HYBRID,2022,12332
Kerala,PETROL/HYBRID/CNG,2022,7
Kerala,PETROL/LPG,2022,42
Kerala,PLUG-IN HYBRID EV,2022,0
Kerala,PURE EV,2022,0
Kerala,STRONG HYBRID EV,2022,0
Kerala,CNG ONLY,2023,17141
Kerala,DIESEL,2023,56194
Kerala,DIESEL/HYBRID,2023,131
Kerala,ELECTRIC(BOV),2023,75825
Kerala,ETHANOL(E100),2023,0
Kerala,LPG ONLY,2023,17
Kerala,METHANOL,2023,0
Kerala,NOT APPLICABLE,2023,4
Kerala,PETROL,2023,555915
Kerala,PETROL(E20),2023,28848
Kerala,PETROL(E20)/CNG,2023,0
Kerala,PETROL(E20)/HYBRID,2023,0
Kerala,PETROL(E20)/HYBRID/CNG,2023,0
Kerala,PETROL(E20)/LPG,2023,1
Kerala,PETROL/CNG,2023,4515
Kerala,PETROL/HYBRID,2023,20718
Kerala,PETROL/HYBRID/CNG,2023,8
Kerala,PETROL/LPG,2023,10
Kerala,PLUG-IN HYBRID EV,2023,0
Kerala,PURE EV,2023,0
Kerala,STRONG HYBRID EV,2023,1
Kerala,CNG ONLY,2024,13813
Kerala,DIESEL,2024,56548
Kerala,DIESEL/HYBRID,2024,283
Kerala,ELECTRIC(BOV),2024,60349
Kerala,ETHANOL(E100),2024,7
Kerala,LPG ONLY,2024,19
Kerala,METHANOL,2024,0
Kerala,NOT APPLICABLE,2024,0
Kerala,PETROL,2024,543143
Kerala,PETROL(E20),2024,48657
Kerala,PETROL(E20)/CNG,2024,2
Kerala,PETROL(E20)/HYBRID,2024,0
Kerala,PETROL(E20)/HYBRID/CNG,2024,1
Kerala,PETROL(E20)/LPG,2024,0
Kerala,PETROL/CNG,2024,6494
Kerala,PETROL/HYBRID,2024,23492
Kerala,PETROL/HYBRID/CNG,2024,2
Kerala,PETROL/LPG,2024,0
Kerala,PLUG-IN HYBRID EV,2024,1
Kerala,PURE EV,2024,22920
Kerala,STRONG HYBRID EV,2024,3625
Kerala,CNG ONLY,2025,10092
Kerala,DIESEL,2025,70244
Kerala,DIESEL/HYBRID,2025,460
Kerala,ELECTRIC(BOV),2025,22433
Kerala,ETHANOL(E100),2025,89
Kerala,LPG ONLY,2025,18
Kerala,METHANOL,2025,1
Kerala,NOT APPLICABLE,2025,3
Kerala,PETROL,2025,451142
Kerala,PETROL(E20),2025,207302
Kerala,PETROL(E20)/CNG,2025,1954
Kerala,PETROL(E20)/HYBRID,2025,1780
Kerala,PETROL(E20)/HYBRID/CNG,2025,2
Kerala,PETROL(E20)/LPG,2025,0
Kerala,PETROL/CNG,2025,10694
Kerala,PETROL/HYBRID,2025,18491
Kerala,PETROL/HYBRID/CNG,2025,3
Kerala,PETROL/LPG,2025,1
Kerala,PLUG-IN HYBRID EV,2025,1
Kerala,PURE EV,2025,84512
Kerala,STRONG HYBRID EV,2025,8784
Kerala,CNG ONLY,2026,4886
Kerala,DIESEL,2026,41933
Kerala,DIESEL/HYBRID,2026,235
Kerala,ELECTRIC(BOV),2026,6546
Kerala,ETHANOL(E100),2026,2
Kerala,LPG ONLY,2026,4
Kerala,METHANOL,2026,0
Kerala,NOT APPLICABLE,2026,0
Kerala,PETROL,2026,93904
Kerala,PETROL(E20),2026,261465
Kerala,PETROL(E20)/CNG,2026,8707
Kerala,PETROL(E20)/HYBRID,2026,8394
Kerala,PETROL(E20)/HYBRID/CNG,2026,0
Kerala,PETROL(E20)/LPG,2026,0
Kerala,PETROL/CNG,2026,393
Kerala,PETROL/HYBRID,2026,3318
Kerala,PETROL/HYBRID/CNG,2026,0
Kerala,PETROL/LPG,2026,0
Kerala,PLUG-IN HYBRID EV,2026,1
Kerala,PURE EV,2026,60563
Kerala,STRONG HYBRID EV,2026,4118
Ladakh,DIESEL,2022,1673
Ladakh,DIESEL/HYBRID,2022,0
Ladakh,ELECTRIC(BOV),2022,40
Ladakh,FUEL CELL HYDROGEN,2022,0
Ladakh,NOT APPLICABLE,2022,0
Ladakh,PETROL,2022,4164
Ladakh,PETROL(E20),2022,0
Ladakh,PETROL(E20)/HYBRID,2022,0
Ladakh,PETROL/CNG,2022,0
Ladakh,PETROL/HYBRID,2022,161
Ladakh,PURE EV,2022,0
Ladakh,STRONG HYBRID EV,2022,0
Ladakh,DIESEL,2023,2199
Ladakh,DIESEL/HYBRID,2023,0
Ladakh,ELECTRIC(BOV),2023,28
Ladakh,FUEL CELL HYDROGEN,2023,0
Ladakh,NOT APPLICABLE,2023,1
Ladakh,PETROL,2023,2645
Ladakh,PETROL(E20),2023,1
Ladakh,PETROL(E20)/HYBRID,2023,0
Ladakh,PETROL/CNG,2023,0
Ladakh,PETROL/HYBRID,2023,270
Ladakh,PURE EV,2023,0
Ladakh,STRONG HYBRID EV,2023,0
Ladakh,DIESEL,2024,2062
Ladakh,DIESEL/HYBRID,2024,0
Ladakh,ELECTRIC(BOV),2024,18
Ladakh,FUEL CELL HYDROGEN,2024,0
Ladakh,NOT APPLICABLE,2024,0
Ladakh,PETROL,2024,2942
Ladakh,PETROL(E20),2024,4
Ladakh,PETROL(E20)/HYBRID,2024,0
Ladakh,PETROL/CNG,2024,0
Ladakh,PETROL/HYBRID,2024,408
Ladakh,PURE EV,2024,0
Ladakh,STRONG HYBRID EV,2024,2
Ladakh,DIESEL,2025,1695
Ladakh,DIESEL/HYBRID,2025,2
Ladakh,ELECTRIC(BOV),2025,0
Ladakh,FUEL CELL HYDROGEN,2025,5
Ladakh,NOT APPLICABLE,2025,0
Ladakh,PETROL,2025,1473
Ladakh,PETROL(E20),2025,856
Ladakh,PETROL(E20)/HYBRID,2025,37
Ladakh,PETROL/CNG,2025,1
Ladakh,PETROL/HYBRID,2025,222
Ladakh,PURE EV,2025,3
Ladakh,STRONG HYBRID EV,2025,5
Ladakh,DIESEL,2026,590
Ladakh,DIESEL/HYBRID,2026,2
Ladakh,ELECTRIC(BOV),2026,0
Ladakh,FUEL CELL HYDROGEN,2026,0
Ladakh,NOT APPLICABLE,2026,0
Ladakh,PETROL,2026,171
Ladakh,PETROL(E20),2026,1313
Ladakh,PETROL(E20)/HYBRID,2026,128
Ladakh,PETROL/CNG,2026,0
Ladakh,PETROL/HYBRID,2026,41
Ladakh,PURE EV,2026,3
Ladakh,STRONG HYBRID EV,2026,4
Lakshwadeep,DIESEL,2026,18
Lakshwadeep,ELECTRIC(BOV),2026,6
Lakshwadeep,LPG ONLY,2026,2
Lakshwadeep,PETROL,2026,321
Lakshwadeep,PETROL(E20),2026,257
Lakshwadeep,PETROL(E20)/HYBRID,2026,5
Lakshwadeep,PETROL/CNG,2026,0
Lakshwadeep,PETROL/HYBRID,2026,4
Lakshwadeep,PURE EV,2026,54
Madhyapradesh,CNG ONLY,2022,1792
Madhyapradesh,DIESEL,2022,177682
Madhyapradesh,DIESEL/HYBRID,2022,8
Madhyapradesh,ELECTRIC(BOV),2022,36817
Madhyapradesh,ETHANOL(E100),2022,0
Madhyapradesh,LPG ONLY,2022,5
Madhyapradesh,NOT APPLICABLE,2022,1706
Madhyapradesh,PETROL,2022,1115179
Madhyapradesh,PETROL(E20),2022,0
Madhyapradesh,PETROL(E20)/CNG,2022,17
Madhyapradesh,PETROL(E20)/HYBRID,2022,0
Madhyapradesh,PETROL(E20)/HYBRID/CNG,2022,3
Madhyapradesh,PETROL(E20)/LPG,2022,1
Madhyapradesh,PETROL/CNG,2022,23062
Madhyapradesh,PETROL/HYBRID,2022,6789
Madhyapradesh,PETROL/HYBRID/CNG,2022,55
Madhyapradesh,PETROL/LPG,2022,3853
Madhyapradesh,PURE EV,2022,0
Madhyapradesh,STRONG HYBRID EV,2022,0
Madhyapradesh,CNG ONLY,2023,10428
Madhyapradesh,DIESEL,2023,200866
Madhyapradesh,DIESEL/HYBRID,2023,45
Madhyapradesh,ELECTRIC(BOV),2023,67980
Madhyapradesh,ETHANOL(E100),2023,0
Madhyapradesh,LPG ONLY,2023,149
Madhyapradesh,NOT APPLICABLE,2023,280
Madhyapradesh,PETROL,2023,1177023
Madhyapradesh,PETROL(E20),2023,6086
Madhyapradesh,PETROL(E20)/CNG,2023,24
Madhyapradesh,PETROL(E20)/HYBRID,2023,0
Madhyapradesh,PETROL(E20)/HYBRID/CNG,2023,7
Madhyapradesh,PETROL(E20)/LPG,2023,6
Madhyapradesh,PETROL/CNG,2023,21874
Madhyapradesh,PETROL/HYBRID,2023,11627
Madhyapradesh,PETROL/HYBRID/CNG,2023,78
Madhyapradesh,PETROL/LPG,2023,2004
Madhyapradesh,PURE EV,2023,0
Madhyapradesh,STRONG HYBRID EV,2023,0
Madhyapradesh,CNG ONLY,2024,14824
Madhyapradesh,DIESEL,2024,207723
Madhyapradesh,DIESEL/HYBRID,2024,132
Madhyapradesh,ELECTRIC(BOV),2024,63676
Madhyapradesh,ETHANOL(E100),2024,1
Madhyapradesh,LPG ONLY,2024,119
Madhyapradesh,NOT APPLICABLE,2024,343
Madhyapradesh,PETROL,2024,1283365
Madhyapradesh,PETROL(E20),2024,10859
Madhyapradesh,PETROL(E20)/CNG,2024,28
Madhyapradesh,PETROL(E20)/HYBRID,2024,0
Madhyapradesh,PETROL(E20)/HYBRID/CNG,2024,3
Madhyapradesh,PETROL(E20)/LPG,2024,7
Madhyapradesh,PETROL/CNG,2024,36149
Madhyapradesh,PETROL/HYBRID,2024,10591
Madhyapradesh,PETROL/HYBRID/CNG,2024,84
Madhyapradesh,PETROL/LPG,2024,2097
Madhyapradesh,PURE EV,2024,36809
Madhyapradesh,STRONG HYBRID EV,2024,932
Madhyapradesh,CNG ONLY,2025,15553
Madhyapradesh,DIESEL,2025,216947
Madhyapradesh,DIESEL/HYBRID,2025,181
Madhyapradesh,ELECTRIC(BOV),2025,30671
Madhyapradesh,ETHANOL(E100),2025,35
Madhyapradesh,LPG ONLY,2025,93
Madhyapradesh,NOT APPLICABLE,2025,526
Madhyapradesh,PETROL,2025,957761
Madhyapradesh,PETROL(E20),2025,304708
Madhyapradesh,PETROL(E20)/CNG,2025,4157
Madhyapradesh,PETROL(E20)/HYBRID,2025,1110
Madhyapradesh,PETROL(E20)/HYBRID/CNG,2025,12
Madhyapradesh,PETROL(E20)/LPG,2025,174
Madhyapradesh,PETROL/CNG,2025,45968
Madhyapradesh,PETROL/HYBRID,2025,7771
Madhyapradesh,PETROL/HYBRID/CNG,2025,63
Madhyapradesh,PETROL/LPG,2025,2723
Madhyapradesh,PURE EV,2025,109247
Madhyapradesh,STRONG HYBRID EV,2025,1697
Madhyapradesh,CNG ONLY,2026,6556
Madhyapradesh,DIESEL,2026,119372
Madhyapradesh,DIESEL/HYBRID,2026,166
Madhyapradesh,ELECTRIC(BOV),2026,8265
Madhyapradesh,ETHANOL(E100),2026,0
Madhyapradesh,LPG ONLY,2026,21
Madhyapradesh,NOT APPLICABLE,2026,285
Madhyapradesh,PETROL,2026,232354
Madhyapradesh,PETROL(E20),2026,370391
Madhyapradesh,PETROL(E20)/CNG,2026,29944
Madhyapradesh,PETROL(E20)/HYBRID,2026,4114
Madhyapradesh,PETROL(E20)/HYBRID/CNG,2026,40
Madhyapradesh,PETROL(E20)/LPG,2026,251
Madhyapradesh,PETROL/CNG,2026,6718
Madhyapradesh,PETROL/HYBRID,2026,1068
Madhyapradesh,PETROL/HYBRID/CNG,2026,7
Madhyapradesh,PETROL/LPG,2026,301
Madhyapradesh,PURE EV,2026,79489
Madhyapradesh,STRONG HYBRID EV,2026,1042
Maharashtra,CNG ONLY,2022,48780
Maharashtra,DIESEL,2022,296067
Maharashtra,DIESEL/HYBRID,2022,155
Maharashtra,DUAL DIESEL/CNG,2022,1
Maharashtra,DUAL DIESEL/LNG,2022,0
Maharashtra,ELECTRIC(BOV),2022,135983
Maharashtra,ETHANOL(E100),2022,0
Maharashtra,LNG,2022,15
Maharashtra,LPG ONLY,2022,2898
Maharashtra,NOT APPLICABLE,2022,16104
Maharashtra,PETROL,2022,1739183
Maharashtra,PETROL(E20),2022,0
Maharashtra,PETROL(E20)/CNG,2022,4
Maharashtra,PETROL(E20)/HYBRID,2022,0
Maharashtra,PETROL(E20)/HYBRID/CNG,2022,1
Maharashtra,PETROL(E20)/LPG,2022,1
Maharashtra,PETROL/CNG,2022,111440
Maharashtra,PETROL/HYBRID,2022,22038
Maharashtra,PETROL/HYBRID/CNG,2022,29
Maharashtra,PETROL/LPG,2022,804
Maharashtra,PLUG-IN HYBRID EV,2022,0
Maharashtra,PURE EV,2022,0
Maharashtra,STRONG HYBRID EV,2022,0
Maharashtra,CNG ONLY,2023,63047
Maharashtra,DIESEL,2023,299174
Maharashtra,DIESEL/HYBRID,2023,553
Maharashtra,DUAL DIESEL/CNG,2023,0
Maharashtra,DUAL DIESEL/LNG,2023,0
Maharashtra,ELECTRIC(BOV),2023,194208
Maharashtra,ETHANOL(E100),2023,0
Maharashtra,LNG,2023,154
Maharashtra,LPG ONLY,2023,6119
Maharashtra,NOT APPLICABLE,2023,13017
Maharashtra,PETROL,2023,1786965
Maharashtra,PETROL(E20),2023,32610
Maharashtra,PETROL(E20)/CNG,2023,1
Maharashtra,PETROL(E20)/HYBRID,2023,0
Maharashtra,PETROL(E20)/HYBRID/CNG,2023,4
Maharashtra,PETROL(E20)/LPG,2023,1
Maharashtra,PETROL/CNG,2023,130572
Maharashtra,PETROL/HYBRID,2023,36522
Maharashtra,PETROL/HYBRID/CNG,2023,21
Maharashtra,PETROL/LPG,2023,466
Maharashtra,PLUG-IN HYBRID EV,2023,0
Maharashtra,PURE EV,2023,0
Maharashtra,STRONG HYBRID EV,2023,0
Maharashtra,CNG ONLY,2024,80390
Maharashtra,DIESEL,2024,313642
Maharashtra,DIESEL/HYBRID,2024,1172
Maharashtra,DUAL DIESEL/CNG,2024,0
Maharashtra,DUAL DIESEL/LNG,2024,0
Maharashtra,ELECTRIC(BOV),2024,154986
Maharashtra,ETHANOL(E100),2024,52
Maharashtra,LNG,2024,190
Maharashtra,LPG ONLY,2024,6967
Maharashtra,NOT APPLICABLE,2024,13691
Maharashtra,PETROL,2024,1964646
Maharashtra,PETROL(E20),2024,59076
Maharashtra,PETROL(E20)/CNG,2024,1
Maharashtra,PETROL(E20)/HYBRID,2024,0
Maharashtra,PETROL(E20)/HYBRID/CNG,2024,1
Maharashtra,PETROL(E20)/LPG,2024,3
Maharashtra,PETROL/CNG,2024,168468
Maharashtra,PETROL/HYBRID,2024,27987
Maharashtra,PETROL/HYBRID/CNG,2024,25
Maharashtra,PETROL/LPG,2024,464
Maharashtra,PLUG-IN HYBRID EV,2024,12
Maharashtra,PURE EV,2024,86846
Maharashtra,STRONG HYBRID EV,2024,8932
Maharashtra,CNG ONLY,2025,84017
Maharashtra,DIESEL,2025,405410
Maharashtra,DIESEL/HYBRID,2025,1627
Maharashtra,DUAL DIESEL/CNG,2025,0
Maharashtra,DUAL DIESEL/LNG,2025,9
Maharashtra,ELECTRIC(BOV),2025,32840
Maharashtra,ETHANOL(E100),2025,221
Maharashtra,LNG,2025,363
Maharashtra,LPG ONLY,2025,7889
Maharashtra,NOT APPLICABLE,2025,19798
Maharashtra,PETROL,2025,1626912
Maharashtra,PETROL(E20),2025,629903
Maharashtra,PETROL(E20)/CNG,2025,21681
Maharashtra,PETROL(E20)/HYBRID,2025,3121
Maharashtra,PETROL(E20)/HYBRID/CNG,2025,1
Maharashtra,PETROL(E20)/LPG,2025,55
Maharashtra,PETROL/CNG,2025,186703
Maharashtra,PETROL/HYBRID,2025,18088
Maharashtra,PETROL/HYBRID/CNG,2025,8
Maharashtra,PETROL/LPG,2025,579
Maharashtra,PLUG-IN HYBRID EV,2025,18
Maharashtra,PURE EV,2025,233731
Maharashtra,STRONG HYBRID EV,2025,15703
Maharashtra,CNG ONLY,2026,35964
Maharashtra,DIESEL,2026,181817
Maharashtra,DIESEL/HYBRID,2026,826
Maharashtra,DUAL DIESEL/CNG,2026,0
Maharashtra,DUAL DIESEL/LNG,2026,0
Maharashtra,ELECTRIC(BOV),2026,10864
Maharashtra,ETHANOL(E100),2026,3
Maharashtra,LNG,2026,180
Maharashtra,LPG ONLY,2026,2990
Maharashtra,NOT APPLICABLE,2026,8109
Maharashtra,PETROL,2026,350148
Maharashtra,PETROL(E20),2026,808296
Maharashtra,PETROL(E20)/CNG,2026,96867
Maharashtra,PETROL(E20)/HYBRID,2026,7953
Maharashtra,PETROL(E20)/HYBRID/CNG,2026,0
Maharashtra,PETROL(E20)/LPG,2026,67
Maharashtra,PETROL/CNG,2026,15681
Maharashtra,PETROL/HYBRID,2026,3019
Maharashtra,PETROL/HYBRID/CNG,2026,0
Maharashtra,PETROL/LPG,2026,29
Maharashtra,PLUG-IN HYBRID EV,2026,2
Maharashtra,PURE EV,2026,156547
Maharashtra,STRONG HYBRID EV,2026,8400
Manipur,DIESEL,2022,3516
Manipur,DIESEL/HYBRID,2022,2
Manipur,ELECTRIC(BOV),2022,341
Manipur,PETROL,2022,51174
Manipur,PETROL(E20),2022,0
Manipur,PETROL(E20)/HYBRID,2022,0
Manipur,PETROL/CNG,2022,0
Manipur,PETROL/HYBRID,2022,327
Manipur,PURE EV,2022,0
Manipur,STRONG HYBRID EV,2022,0
Manipur,DIESEL,2023,2123
Manipur,DIESEL/HYBRID,2023,1
Manipur,ELECTRIC(BOV),2023,399
Manipur,PETROL,2023,23618
Manipur,PETROL(E20),2023,75
Manipur,PETROL(E20)/HYBRID,2023,0
Manipur,PETROL/CNG,2023,0
Manipur,PETROL/HYBRID,2023,518
Manipur,PURE EV,2023,0
Manipur,STRONG HYBRID EV,2023,0
Manipur,DIESEL,2024,1222
Manipur,DIESEL/HYBRID,2024,0
Manipur,ELECTRIC(BOV),2024,406
Manipur,PETROL,2024,25371
Manipur,PETROL(E20),2024,323
Manipur,PETROL(E20)/HYBRID,2024,0
Manipur,PETROL/CNG,2024,1
Manipur,PETROL/HYBRID,2024,706
Manipur,PURE EV,2024,16
Manipur,STRONG HYBRID EV,2024,23
Manipur,DIESEL,2025,1923
Manipur,DIESEL/HYBRID,2025,5
Manipur,ELECTRIC(BOV),2025,469
Manipur,PETROL,2025,20126
Manipur,PETROL(E20),2025,11540
Manipur,PETROL(E20)/HYBRID,2025,153
Manipur,PETROL/CNG,2025,0
Manipur,PETROL/HYBRID,2025,655
Manipur,PURE EV,2025,730
Manipur,STRONG HYBRID EV,2025,47
Manipur,DIESEL,2026,1239
Manipur,DIESEL/HYBRID,2026,4
Manipur,ELECTRIC(BOV),2026,254
Manipur,PETROL,2026,2730
Manipur,PETROL(E20),2026,15151
Manipur,PETROL(E20)/HYBRID,2026,363
Manipur,PETROL/CNG,2026,1
Manipur,PETROL/HYBRID,2026,95
Manipur,PURE EV,2026,784
Manipur,STRONG HYBRID EV,2026,19
Meghalaya,DIESEL,2022,6293
Meghalaya,DIESEL/HYBRID,2022,0
Meghalaya,ELECTRIC(BOV),2022,43
Meghalaya,NOT APPLICABLE,2022,0
Meghalaya,PETROL,2022,28987
Meghalaya,PETROL(E20),2022,0
Meghalaya,PETROL(E20)/CNG,2022,0
Meghalaya,PETROL(E20)/HYBRID,2022,0
Meghalaya,PETROL/CNG,2022,0
Meghalaya,PETROL/HYBRID,2022,294
Meghalaya,PURE EV,2022,0
Meghalaya,STRONG HYBRID EV,2022,0
Meghalaya,DIESEL,2023,5964
Meghalaya,DIESEL/HYBRID,2023,1
Meghalaya,ELECTRIC(BOV),2023,115
Meghalaya,NOT APPLICABLE,2023,1
Meghalaya,PETROL,2023,28930
Meghalaya,PETROL(E20),2023,4545
Meghalaya,PETROL(E20)/CNG,2023,0
Meghalaya,PETROL(E20)/HYBRID,2023,0
Meghalaya,PETROL/CNG,2023,2
Meghalaya,PETROL/HYBRID,2023,797
Meghalaya,PURE EV,2023,0
Meghalaya,STRONG HYBRID EV,2023,0
Meghalaya,DIESEL,2024,5855
Meghalaya,DIESEL/HYBRID,2024,5
Meghalaya,ELECTRIC(BOV),2024,795
Meghalaya,NOT APPLICABLE,2024,1
Meghalaya,PETROL,2024,28594
Meghalaya,PETROL(E20),2024,6314
Meghalaya,PETROL(E20)/CNG,2024,0
Meghalaya,PETROL(E20)/HYBRID,2024,0
Meghalaya,PETROL/CNG,2024,2
Meghalaya,PETROL/HYBRID,2024,761
Meghalaya,PURE EV,2024,18
Meghalaya,STRONG HYBRID EV,2024,34
Meghalaya,DIESEL,2025,4988
Meghalaya,DIESEL/HYBRID,2025,4
Meghalaya,ELECTRIC(BOV),2025,610
Meghalaya,NOT APPLICABLE,2025,2
Meghalaya,PETROL,2025,24322
Meghalaya,PETROL(E20),2025,12379
Meghalaya,PETROL(E20)/CNG,2025,0
Meghalaya,PETROL(E20)/HYBRID,2025,157
Meghalaya,PETROL/CNG,2025,4
Meghalaya,PETROL/HYBRID,2025,801
Meghalaya,PURE EV,2025,336
Meghalaya,STRONG HYBRID EV,2025,92
Meghalaya,DIESEL,2026,2569
Meghalaya,DIESEL/HYBRID,2026,6
Meghalaya,ELECTRIC(BOV),2026,175
Meghalaya,NOT APPLICABLE,2026,0
Meghalaya,PETROL,2026,6101
Meghalaya,PETROL(E20),2026,12325
Meghalaya,PETROL(E20)/CNG,2026,5
Meghalaya,PETROL(E20)/HYBRID,2026,511
Meghalaya,PETROL/CNG,2026,0
Meghalaya,PETROL/HYBRID,2026,53
Meghalaya,PURE EV,2026,276
Meghalaya,STRONG HYBRID EV,2026,44
Mizoram,CNG ONLY,2022,0
Mizoram,DIESEL,2022,3067
Mizoram,DIESEL/HYBRID,2022,0
Mizoram,ELECTRIC(BOV),2022,36
Mizoram,ETHANOL(E100),2022,0
Mizoram,PETROL,2022,23813
Mizoram,PETROL(E20),2022,0
Mizoram,PETROL(E20)/HYBRID,2022,0
Mizoram,PETROL/HYBRID,2022,87
Mizoram,PURE EV,2022,0
Mizoram,STRONG HYBRID EV,2022,0
Mizoram,CNG ONLY,2023,4
Mizoram,DIESEL,2023,2942
Mizoram,DIESEL/HYBRID,2023,0
Mizoram,ELECTRIC(BOV),2023,167
Mizoram,ETHANOL(E100),2023,0
Mizoram,PETROL,2023,22967
Mizoram,PETROL(E20),2023,2365
Mizoram,PETROL(E20)/HYBRID,2023,0
Mizoram,PETROL/HYBRID,2023,223
Mizoram,PURE EV,2023,0
Mizoram,STRONG HYBRID EV,2023,0
Mizoram,CNG ONLY,2024,4
Mizoram,DIESEL,2024,2807
Mizoram,DIESEL/HYBRID,2024,0
Mizoram,ELECTRIC(BOV),2024,512
Mizoram,ETHANOL(E100),2024,7
Mizoram,PETROL,2024,22744
Mizoram,PETROL(E20),2024,3662
Mizoram,PETROL(E20)/HYBRID,2024,0
Mizoram,PETROL/HYBRID,2024,196
Mizoram,PURE EV,2024,48
Mizoram,STRONG HYBRID EV,2024,14
Mizoram,CNG ONLY,2025,0
Mizoram,DIESEL,2025,3084
Mizoram,DIESEL/HYBRID,2025,1
Mizoram,ELECTRIC(BOV),2025,584
Mizoram,ETHANOL(E100),2025,21
Mizoram,PETROL,2025,20545
Mizoram,PETROL(E20),2025,5571
Mizoram,PETROL(E20)/HYBRID,2025,42
Mizoram,PETROL/HYBRID,2025,225
Mizoram,PURE EV,2025,240
Mizoram,STRONG HYBRID EV,2025,21
Mizoram,CNG ONLY,2026,0
Mizoram,DIESEL,2026,1887
Mizoram,DIESEL/HYBRID,2026,3
Mizoram,ELECTRIC(BOV),2026,390
Mizoram,ETHANOL(E100),2026,0
Mizoram,PETROL,2026,8578
Mizoram,PETROL(E20),2026,5869
Mizoram,PETROL(E20)/HYBRID,2026,118
Mizoram,PETROL/HYBRID,2026,15
Mizoram,PURE EV,2026,203
Mizoram,STRONG HYBRID EV,2026,16
Nagaland,CNG ONLY,2022,27
Nagaland,DIESEL,2022,13007
Nagaland,DIESEL/HYBRID,2022,0
Nagaland,DUAL DIESEL/CNG,2022,0
Nagaland,ELECTRIC(BOV),2022,3
Nagaland,LNG,2022,0
Nagaland,NOT APPLICABLE,2022,6
Nagaland,PETROL,2022,12694
Nagaland,PETROL(E20),2022,0
Nagaland,PETROL(E20)/CNG,2022,0
Nagaland,PETROL(E20)/HYBRID,2022,0
Nagaland,PETROL/CNG,2022,1
Nagaland,PETROL/HYBRID,2022,222
Nagaland,PURE EV,2022,0
Nagaland,STRONG HYBRID EV,2022,0
Nagaland,CNG ONLY,2023,23
Nagaland,DIESEL,2023,13337
Nagaland,DIESEL/HYBRID,2023,2
Nagaland,DUAL DIESEL/CNG,2023,0
Nagaland,ELECTRIC(BOV),2023,6
Nagaland,LNG,2023,0
Nagaland,NOT APPLICABLE,2023,5
Nagaland,PETROL,2023,12480
Nagaland,PETROL(E20),2023,443
Nagaland,PETROL(E20)/CNG,2023,0
Nagaland,PETROL(E20)/HYBRID,2023,0
Nagaland,PETROL/CNG,2023,0
Nagaland,PETROL/HYBRID,2023,1036
Nagaland,PURE EV,2023,0
Nagaland,STRONG HYBRID EV,2023,0
Nagaland,CNG ONLY,2024,28
Nagaland,DIESEL,2024,14543
Nagaland,DIESEL/HYBRID,2024,3
Nagaland,DUAL DIESEL/CNG,2024,0
Nagaland,ELECTRIC(BOV),2024,9
Nagaland,LNG,2024,0
Nagaland,NOT APPLICABLE,2024,18
Nagaland,PETROL,2024,11518
Nagaland,PETROL(E20),2024,624
Nagaland,PETROL(E20)/CNG,2024,0
Nagaland,PETROL(E20)/HYBRID,2024,0
Nagaland,PETROL/CNG,2024,2
Nagaland,PETROL/HYBRID,2024,924
Nagaland,PURE EV,2024,4
Nagaland,STRONG HYBRID EV,2024,32
Nagaland,CNG ONLY,2025,181
Nagaland,DIESEL,2025,13700
Nagaland,DIESEL/HYBRID,2025,7
Nagaland,DUAL DIESEL/CNG,2025,0
Nagaland,ELECTRIC(BOV),2025,1
Nagaland,LNG,2025,6
Nagaland,NOT APPLICABLE,2025,0
Nagaland,PETROL,2025,8665
Nagaland,PETROL(E20),2025,3342
Nagaland,PETROL(E20)/CNG,2025,0
Nagaland,PETROL(E20)/HYBRID,2025,175
Nagaland,PETROL/CNG,2025,0
Nagaland,PETROL/HYBRID,2025,741
Nagaland,PURE EV,2025,22
Nagaland,STRONG HYBRID EV,2025,70
Nagaland,CNG ONLY,2026,172
Nagaland,DIESEL,2026,7630
Nagaland,DIESEL/HYBRID,2026,9
Nagaland,DUAL DIESEL/CNG,2026,1
Nagaland,ELECTRIC(BOV),2026,0
Nagaland,LNG,2026,0
Nagaland,NOT APPLICABLE,2026,5
Nagaland,PETROL,2026,1970
Nagaland,PETROL(E20),2026,4965
Nagaland,PETROL(E20)/CNG,2026,1
Nagaland,PETROL(E20)/HYBRID,2026,384
Nagaland,PETROL/CNG,2026,0
Nagaland,PETROL/HYBRID,2026,141
Nagaland,PURE EV,2026,16
Nagaland,STRONG HYBRID EV,2026,42
Odisha,CNG ONLY,2022,1000
Odisha,DIESEL,2022,61804
Odisha,DIESEL/HYBRID,2022,9
Odisha,ELECTRIC(BOV),2022,28445
Odisha,ETHANOL(E100),2022,0
Odisha,NOT APPLICABLE,2022,2628
Odisha,PETROL,2022,531615
Odisha,PETROL(E20),2022,1
Odisha,PETROL(E20)/CNG,2022,0
Odisha,PETROL(E20)/HYBRID,2022,0
Odisha,PETROL/CNG,2022,1948
Odisha,PETROL/HYBRID,2022,6369
Odisha,PETROL/HYBRID/CNG,2022,0
Odisha,PLUG-IN HYBRID EV,2022,0
Odisha,PURE EV,2022,0
Odisha,STRONG HYBRID EV,2022,0
Odisha,CNG ONLY,2023,1892
Odisha,DIESEL,2023,79015
Odisha,DIESEL/HYBRID,2023,41
Odisha,ELECTRIC(BOV),2023,44542
Odisha,ETHANOL(E100),2023,0
Odisha,NOT APPLICABLE,2023,2385
Odisha,PETROL,2023,584331
Odisha,PETROL(E20),2023,15816
Odisha,PETROL(E20)/CNG,2023,1
Odisha,PETROL(E20)/HYBRID,2023,0
Odisha,PETROL/CNG,2023,2814
Odisha,PETROL/HYBRID,2023,8976
Odisha,PETROL/HYBRID/CNG,2023,1
Odisha,PLUG-IN HYBRID EV,2023,0
Odisha,PURE EV,2023,0
Odisha,STRONG HYBRID EV,2023,0
Odisha,CNG ONLY,2024,2626
Odisha,DIESEL,2024,86968
Odisha,DIESEL/HYBRID,2024,75
Odisha,ELECTRIC(BOV),2024,46822
Odisha,ETHANOL(E100),2024,2
Odisha,NOT APPLICABLE,2024,2083
Odisha,PETROL,2024,614451
Odisha,PETROL(E20),2024,25588
Odisha,PETROL(E20)/CNG,2024,0
Odisha,PETROL(E20)/HYBRID,2024,0
Odisha,PETROL/CNG,2024,4072
Odisha,PETROL/HYBRID,2024,9169
Odisha,PETROL/HYBRID/CNG,2024,2
Odisha,PLUG-IN HYBRID EV,2024,0
Odisha,PURE EV,2024,18487
Odisha,STRONG HYBRID EV,2024,660
Odisha,CNG ONLY,2025,2524
Odisha,DIESEL,2025,90511
Odisha,DIESEL/HYBRID,2025,167
Odisha,ELECTRIC(BOV),2025,10089
Odisha,ETHANOL(E100),2025,22
Odisha,NOT APPLICABLE,2025,2349
Odisha,PETROL,2025,483437
Odisha,PETROL(E20),2025,218905
Odisha,PETROL(E20)/CNG,2025,1270
Odisha,PETROL(E20)/HYBRID,2025,1436
Odisha,PETROL/CNG,2025,6223
Odisha,PETROL/HYBRID,2025,6606
Odisha,PETROL/HYBRID/CNG,2025,1
Odisha,PLUG-IN HYBRID EV,2025,0
Odisha,PURE EV,2025,69150
Odisha,STRONG HYBRID EV,2025,1479
Odisha,CNG ONLY,2026,1334
Odisha,DIESEL,2026,47412
Odisha,DIESEL/HYBRID,2026,111
Odisha,ELECTRIC(BOV),2026,4026
Odisha,ETHANOL(E100),2026,2
Odisha,NOT APPLICABLE,2026,1371
Odisha,PETROL,2026,101335
Odisha,PETROL(E20),2026,268627
Odisha,PETROL(E20)/CNG,2026,4485
Odisha,PETROL(E20)/HYBRID,2026,4008
Odisha,PETROL/CNG,2026,577
Odisha,PETROL/HYBRID,2026,435
Odisha,PETROL/HYBRID/CNG,2026,0
Odisha,PLUG-IN HYBRID EV,2026,1
Odisha,PURE EV,2026,62279
Odisha,STRONG HYBRID EV,2026,767
Pudducherry,CNG ONLY,2022,24
Pudducherry,DIESEL,2022,2806
Pudducherry,DIESEL/HYBRID,2022,7
Pudducherry,ELECTRIC(BOV),2022,1483
Pudducherry,ETHANOL(E100),2022,0
Pudducherry,LPG ONLY,2022,28
Pudducherry,PETROL,2022,45159
Pudducherry,PETROL(E20),2022,0
Pudducherry,PETROL(E20)/CNG,2022,0
Pudducherry,PETROL(E20)/HYBRID,2022,0
Pudducherry,PETROL/CNG,2022,140
Pudducherry,PETROL/HYBRID,2022,649
Pudducherry,PETROL/LPG,2022,2
Pudducherry,PLUG-IN HYBRID EV,2022,0
Pudducherry,PURE EV,2022,0
Pudducherry,STRONG HYBRID EV,2022,0
Pudducherry,CNG ONLY,2023,51
Pudducherry,DIESEL,2023,3164
Pudducherry,DIESEL/HYBRID,2023,27
Pudducherry,ELECTRIC(BOV),2023,2637
Pudducherry,ETHANOL(E100),2023,0
Pudducherry,LPG ONLY,2023,18
Pudducherry,PETROL,2023,45592
Pudducherry,PETROL(E20),2023,2361
Pudducherry,PETROL(E20)/CNG,2023,0
Pudducherry,PETROL(E20)/HYBRID,2023,0
Pudducherry,PETROL/CNG,2023,275
Pudducherry,PETROL/HYBRID,2023,1166
Pudducherry,PETROL/LPG,2023,0
Pudducherry,PLUG-IN HYBRID EV,2023,0
Pudducherry,PURE EV,2023,0
Pudducherry,STRONG HYBRID EV,2023,0
Pudducherry,CNG ONLY,2024,63
Pudducherry,DIESEL,2024,3858
Pudducherry,DIESEL/HYBRID,2024,68
Pudducherry,ELECTRIC(BOV),2024,3192
Pudducherry,ETHANOL(E100),2024,0
Pudducherry,LPG ONLY,2024,4
Pudducherry,PETROL,2024,50662
Pudducherry,PETROL(E20),2024,4282
Pudducherry,PETROL(E20)/CNG,2024,0
Pudducherry,PETROL(E20)/HYBRID,2024,0
Pudducherry,PETROL/CNG,2024,548
Pudducherry,PETROL/HYBRID,2024,1248
Pudducherry,PETROL/LPG,2024,0
Pudducherry,PLUG-IN HYBRID EV,2024,3
Pudducherry,PURE EV,2024,1321
Pudducherry,STRONG HYBRID EV,2024,223
Pudducherry,CNG ONLY,2025,131
Pudducherry,DIESEL,2025,3607
Pudducherry,DIESEL/HYBRID,2025,65
Pudducherry,ELECTRIC(BOV),2025,723
Pudducherry,ETHANOL(E100),2025,6
Pudducherry,LPG ONLY,2025,1
Pudducherry,PETROL,2025,40836
Pudducherry,PETROL(E20),2025,20512
Pudducherry,PETROL(E20)/CNG,2025,61
Pudducherry,PETROL(E20)/HYBRID,2025,179
Pudducherry,PETROL/CNG,2025,489
Pudducherry,PETROL/HYBRID,2025,1092
Pudducherry,PETROL/LPG,2025,0
Pudducherry,PLUG-IN HYBRID EV,2025,2
Pudducherry,PURE EV,2025,3887
Pudducherry,STRONG HYBRID EV,2025,467
Pudducherry,CNG ONLY,2026,78
Pudducherry,DIESEL,2026,1839
Pudducherry,DIESEL/HYBRID,2026,36
Pudducherry,ELECTRIC(BOV),2026,334
Pudducherry,ETHANOL(E100),2026,0
Pudducherry,LPG ONLY,2026,12
Pudducherry,PETROL,2026,13406
Pudducherry,PETROL(E20),2026,22987
Pudducherry,PETROL(E20)/CNG,2026,376
Pudducherry,PETROL(E20)/HYBRID,2026,677
Pudducherry,PETROL/CNG,2026,48
Pudducherry,PETROL/HYBRID,2026,116
Pudducherry,PETROL/LPG,2026,0
Pudducherry,PLUG-IN HYBRID EV,2026,0
Pudducherry,PURE EV,2026,3303
Pudducherry,STRONG HYBRID EV,2026,286
Punjab,CNG ONLY,2022,4220
Punjab,DIESEL,2022,81511
Punjab,DIESEL/HYBRID,2022,22
Punjab,ELECTRIC(BOV),2022,14058
Punjab,ETHANOL(E100),2022,0
Punjab,NOT APPLICABLE,2022,0
Punjab,PETROL,2022,441788
Punjab,PETROL(E20),2022,0
Punjab,PETROL(E20)/CNG,2022,1
Punjab,PETROL(E20)/HYBRID,2022,0
Punjab,PETROL(E20)/HYBRID/CNG,2022,0
Punjab,PETROL/CNG,2022,7844
Punjab,PETROL/HYBRID,2022,6827
Punjab,PETROL/HYBRID/CNG,2022,3
Punjab,PURE EV,2022,0
Punjab,STRONG HYBRID EV,2022,0
Punjab,CNG ONLY,2023,4413
Punjab,DIESEL,2023,89784
Punjab,DIESEL/HYBRID,2023,77
Punjab,ELECTRIC(BOV),2023,25752
Punjab,ETHANOL(E100),2023,0
Punjab,NOT APPLICABLE,2023,2
Punjab,PETROL,2023,498438
Punjab,PETROL(E20),2023,923
Punjab,PETROL(E20)/CNG,2023,0
Punjab,PETROL(E20)/HYBRID,2023,0
Punjab,PETROL(E20)/HYBRID/CNG,2023,1
Punjab,PETROL/CNG,2023,8095
Punjab,PETROL/HYBRID,2023,13641
Punjab,PETROL/HYBRID/CNG,2023,6
Punjab,PURE EV,2023,0
Punjab,STRONG HYBRID EV,2023,0
Punjab,CNG ONLY,2024,4110
Punjab,DIESEL,2024,100619
Punjab,DIESEL/HYBRID,2024,257
Punjab,ELECTRIC(BOV),2024,32215
Punjab,ETHANOL(E100),2024,0
Punjab,NOT APPLICABLE,2024,3
Punjab,PETROL,2024,527534
Punjab,PETROL(E20),2024,1879
Punjab,PETROL(E20)/CNG,2024,0
Punjab,PETROL(E20)/HYBRID,2024,0
Punjab,PETROL(E20)/HYBRID/CNG,2024,2
Punjab,PETROL/CNG,2024,10903
Punjab,PETROL/HYBRID,2024,13276
Punjab,PETROL/HYBRID/CNG,2024,8
Punjab,PURE EV,2024,12255
Punjab,STRONG HYBRID EV,2024,2680
Punjab,CNG ONLY,2025,3472
Punjab,DIESEL,2025,117054
Punjab,DIESEL/HYBRID,2025,361
Punjab,ELECTRIC(BOV),2025,11966
Punjab,ETHANOL(E100),2025,1
Punjab,NOT APPLICABLE,2025,1
Punjab,PETROL,2025,430066
Punjab,PETROL(E20),2025,176924
Punjab,PETROL(E20)/CNG,2025,1327
Punjab,PETROL(E20)/HYBRID,2025,1864
Punjab,PETROL(E20)/HYBRID/CNG,2025,2
Punjab,PETROL/CNG,2025,10939
Punjab,PETROL/HYBRID,2025,9768
Punjab,PETROL/HYBRID/CNG,2025,6
Punjab,PURE EV,2025,33316
Punjab,STRONG HYBRID EV,2025,4548
Punjab,CNG ONLY,2026,1737
Punjab,DIESEL,2026,73954
Punjab,DIESEL/HYBRID,2026,378
Punjab,ELECTRIC(BOV),2026,4663
Punjab,ETHANOL(E100),2026,0
Punjab,NOT APPLICABLE,2026,0
Punjab,PETROL,2026,75728
Punjab,PETROL(E20),2026,216428
Punjab,PETROL(E20)/CNG,2026,6055
Punjab,PETROL(E20)/HYBRID,2026,6213
Punjab,PETROL(E20)/HYBRID/CNG,2026,0
Punjab,PETROL/CNG,2026,1455
Punjab,PETROL/HYBRID,2026,1832
Punjab,PETROL/HYBRID/CNG,2026,0
Punjab,PURE EV,2026,22149
Punjab,STRONG HYBRID EV,2026,2766
Rajasthan,CNG ONLY,2022,10603
Rajasthan,DIESEL,2022,208015
Rajasthan,DIESEL/HYBRID,2022,13
Rajasthan,ELECTRIC(BOV),2022,78293
Rajasthan,ETHANOL(E100),2022,0
Rajasthan,HCNG,2022,0
Rajasthan,LNG,2022,0
Rajasthan,LPG ONLY,2022,1660
Rajasthan,NOT APPLICABLE,2022,3116
Rajasthan,PETROL,2022,956988
Rajasthan,PETROL(E20),2022,1
Rajasthan,PETROL(E20)/CNG,2022,5
Rajasthan,PETROL(E20)/HYBRID,2022,0
Rajasthan,PETROL(E20)/HYBRID/CNG,2022,7
Rajasthan,PETROL(E20)/LPG,2022,7
Rajasthan,PETROL/CNG,2022,18112
Rajasthan,PETROL/HYBRID,2022,8175
Rajasthan,PETROL/HYBRID/CNG,2022,69
Rajasthan,PETROL/LPG,2022,3761
Rajasthan,PURE EV,2022,0
Rajasthan,STRONG HYBRID EV,2022,0
Rajasthan,CNG ONLY,2023,14055
Rajasthan,DIESEL,2023,246578
Rajasthan,DIESEL/HYBRID,2023,77
Rajasthan,ELECTRIC(BOV),2023,93823
Rajasthan,ETHANOL(E100),2023,0
Rajasthan,HCNG,2023,1
Rajasthan,LNG,2023,0
Rajasthan,LPG ONLY,2023,3090
Rajasthan,NOT APPLICABLE,2023,6617
Rajasthan,PETROL,2023,1115717
Rajasthan,PETROL(E20),2023,5218
Rajasthan,PETROL(E20)/CNG,2023,6
Rajasthan,PETROL(E20)/HYBRID,2023,0
Rajasthan,PETROL(E20)/HYBRID/CNG,2023,9
Rajasthan,PETROL(E20)/LPG,2023,2
Rajasthan,PETROL/CNG,2023,24193
Rajasthan,PETROL/HYBRID,2023,13001
Rajasthan,PETROL/HYBRID/CNG,2023,69
Rajasthan,PETROL/LPG,2023,2907
Rajasthan,PURE EV,2023,0
Rajasthan,STRONG HYBRID EV,2023,0
Rajasthan,CNG ONLY,2024,19278
Rajasthan,DIESEL,2024,251128
Rajasthan,DIESEL/HYBRID,2024,168
Rajasthan,ELECTRIC(BOV),2024,73844
Rajasthan,ETHANOL(E100),2024,4
Rajasthan,HCNG,2024,0
Rajasthan,LNG,2024,105
Rajasthan,LPG ONLY,2024,3483
Rajasthan,NOT APPLICABLE,2024,3848
Rajasthan,PETROL,2024,1201723
Rajasthan,PETROL(E20),2024,9051
Rajasthan,PETROL(E20)/CNG,2024,3
Rajasthan,PETROL(E20)/HYBRID,2024,0
Rajasthan,PETROL(E20)/HYBRID/CNG,2024,5
Rajasthan,PETROL(E20)/LPG,2024,6
Rajasthan,PETROL/CNG,2024,39705
Rajasthan,PETROL/HYBRID,2024,10252
Rajasthan,PETROL/HYBRID/CNG,2024,62
Rajasthan,PETROL/LPG,2024,3731
Rajasthan,PURE EV,2024,35531
Rajasthan,STRONG HYBRID EV,2024,1849
Rajasthan,CNG ONLY,2025,22434
Rajasthan,DIESEL,2025,267484
Rajasthan,DIESEL/HYBRID,2025,340
Rajasthan,ELECTRIC(BOV),2025,25616
Rajasthan,ETHANOL(E100),2025,14
Rajasthan,HCNG,2025,0
Rajasthan,LNG,2025,69
Rajasthan,LPG ONLY,2025,2566
Rajasthan,NOT APPLICABLE,2025,1993
Rajasthan,PETROL,2025,958936
Rajasthan,PETROL(E20),2025,239103
Rajasthan,PETROL(E20)/CNG,2025,7154
Rajasthan,PETROL(E20)/HYBRID,2025,1404
Rajasthan,PETROL(E20)/HYBRID/CNG,2025,12
Rajasthan,PETROL(E20)/LPG,2025,234
Rajasthan,PETROL/CNG,2025,57221
Rajasthan,PETROL/HYBRID,2025,7824
Rajasthan,PETROL/HYBRID/CNG,2025,27
Rajasthan,PETROL/LPG,2025,4225
Rajasthan,PURE EV,2025,88859
Rajasthan,STRONG HYBRID EV,2025,3023
Rajasthan,CNG ONLY,2026,11697
Rajasthan,DIESEL,2026,152777
Rajasthan,DIESEL/HYBRID,2026,285
Rajasthan,ELECTRIC(BOV),2026,7438
Rajasthan,ETHANOL(E100),2026,0
Rajasthan,HCNG,2026,0
Rajasthan,LNG,2026,0
Rajasthan,LPG ONLY,2026,529
Rajasthan,NOT APPLICABLE,2026,1447
Rajasthan,PETROL,2026,283954
Rajasthan,PETROL(E20),2026,258176
Rajasthan,PETROL(E20)/CNG,2026,37588
Rajasthan,PETROL(E20)/HYBRID,2026,3832
Rajasthan,PETROL(E20)/HYBRID/CNG,2026,15
Rajasthan,PETROL(E20)/LPG,2026,316
Rajasthan,PETROL/CNG,2026,5297
Rajasthan,PETROL/HYBRID,2026,941
Rajasthan,PETROL/HYBRID/CNG,2026,1
Rajasthan,PETROL/LPG,2026,271
Rajasthan,PURE EV,2026,66549
Rajasthan,STRONG HYBRID EV,2026,1467
Sikkim,DIESEL,2022,2249
Sikkim,DIESEL/HYBRID,2022,0
Sikkim,ELECTRIC(BOV),2022,0
Sikkim,PETROL,2022,8259
Sikkim,PETROL(E20),2022,0
Sikkim,PETROL(E20)/HYBRID,2022,0
Sikkim,PETROL/CNG,2022,0
Sikkim,PETROL/HYBRID,2022,49
Sikkim,PURE EV,2022,0
Sikkim,STRONG HYBRID EV,2022,0
Sikkim,DIESEL,2023,1910
Sikkim,DIESEL/HYBRID,2023,1
Sikkim,ELECTRIC(BOV),2023,0
Sikkim,PETROL,2023,8669
Sikkim,PETROL(E20),2023,277
Sikkim,PETROL(E20)/HYBRID,2023,0
Sikkim,PETROL/CNG,2023,0
Sikkim,PETROL/HYBRID,2023,151
Sikkim,PURE EV,2023,0
Sikkim,STRONG HYBRID EV,2023,0
Sikkim,DIESEL,2024,2254
Sikkim,DIESEL/HYBRID,2024,0
Sikkim,ELECTRIC(BOV),2024,7
Sikkim,PETROL,2024,8778
Sikkim,PETROL(E20),2024,473
Sikkim,PETROL(E20)/HYBRID,2024,0
Sikkim,PETROL/CNG,2024,0
Sikkim,PETROL/HYBRID,2024,156
Sikkim,PURE EV,2024,0
Sikkim,STRONG HYBRID EV,2024,10
Sikkim,DIESEL,2025,1994
Sikkim,DIESEL/HYBRID,2025,2
Sikkim,ELECTRIC(BOV),2025,2
Sikkim,PETROL,2025,4350
Sikkim,PETROL(E20),2025,4219
Sikkim,PETROL(E20)/HYBRID,2025,6
Sikkim,PETROL/CNG,2025,1
Sikkim,PETROL/HYBRID,2025,98
Sikkim,PURE EV,2025,7
Sikkim,STRONG HYBRID EV,2025,14
Sikkim,DIESEL,2026,1259
Sikkim,DIESEL/HYBRID,2026,6
Sikkim,ELECTRIC(BOV),2026,6
Sikkim,PETROL,2026,558
Sikkim,PETROL(E20),2026,4419
Sikkim,PETROL(E20)/HYBRID,2026,53
Sikkim,PETROL/CNG,2026,0
Sikkim,PETROL/HYBRID,2026,24
Sikkim,PURE EV,2026,6
Sikkim,STRONG HYBRID EV,2026,6
Tamil nadu,CNG ONLY,2022,12192
Tamil nadu,DIESEL,2022,151317
Tamil nadu,DIESEL/HYBRID,2022,81
Tamil nadu,DUAL DIESEL/CNG,2022,0
Tamil nadu,ELECTRIC(BOV),2022,67022
Tamil nadu,ETHANOL(E100),2022,0
Tamil nadu,LNG,2022,0
Tamil nadu,LPG ONLY,2022,1172
Tamil nadu,NOT APPLICABLE,2022,4
Tamil nadu,PETROL,2022,1441561
Tamil nadu,PETROL(E20),2022,0
Tamil nadu,PETROL(E20)/CNG,2022,2
Tamil nadu,PETROL(E20)/HYBRID,2022,0
Tamil nadu,PETROL(E20)/HYBRID/CNG,2022,0
Tamil nadu,PETROL(E20)/LPG,2022,1
Tamil nadu,PETROL/CNG,2022,9292
Tamil nadu,PETROL/HYBRID,2022,16466
Tamil nadu,PETROL/HYBRID/CNG,2022,9
Tamil nadu,PETROL/LPG,2022,1614
Tamil nadu,PLUG-IN HYBRID EV,2022,0
Tamil nadu,PURE EV,2022,6
Tamil nadu,STRONG HYBRID EV,2022,0
Tamil nadu,CNG ONLY,2023,28051
Tamil nadu,DIESEL,2023,160913
Tamil nadu,DIESEL/HYBRID,2023,206
Tamil nadu,DUAL DIESEL/CNG,2023,0
Tamil nadu,ELECTRIC(BOV),2023,90309
Tamil nadu,ETHANOL(E100),2023,0
Tamil nadu,LNG,2023,61
Tamil nadu,LPG ONLY,2023,2674
Tamil nadu,NOT APPLICABLE,2023,5
Tamil nadu,PETROL,2023,1411635
Tamil nadu,PETROL(E20),2023,93131
Tamil nadu,PETROL(E20)/CNG,2023,7
Tamil nadu,PETROL(E20)/HYBRID,2023,0
Tamil nadu,PETROL(E20)/HYBRID/CNG,2023,0
Tamil nadu,PETROL(E20)/LPG,2023,0
Tamil nadu,PETROL/CNG,2023,14363
Tamil nadu,PETROL/HYBRID,2023,24200
Tamil nadu,PETROL/HYBRID/CNG,2023,12
Tamil nadu,PETROL/LPG,2023,543
Tamil nadu,PLUG-IN HYBRID EV,2023,0
Tamil nadu,PURE EV,2023,2
Tamil nadu,STRONG HYBRID EV,2023,0
Tamil nadu,CNG ONLY,2024,35887
Tamil nadu,DIESEL,2024,155090
Tamil nadu,DIESEL/HYBRID,2024,328
Tamil nadu,DUAL DIESEL/CNG,2024,0
Tamil nadu,ELECTRIC(BOV),2024,97270
Tamil nadu,ETHANOL(E100),2024,32
Tamil nadu,LNG,2024,31
Tamil nadu,LPG ONLY,2024,2460
Tamil nadu,NOT APPLICABLE,2024,6
Tamil nadu,PETROL,2024,1416321
Tamil nadu,PETROL(E20),2024,159276
Tamil nadu,PETROL(E20)/CNG,2024,8
Tamil nadu,PETROL(E20)/HYBRID,2024,0
Tamil nadu,PETROL(E20)/HYBRID/CNG,2024,4
Tamil nadu,PETROL(E20)/LPG,2024,0
Tamil nadu,PETROL/CNG,2024,25574
Tamil nadu,PETROL/HYBRID,2024,22904
Tamil nadu,PETROL/HYBRID/CNG,2024,21
Tamil nadu,PETROL/LPG,2024,48
Tamil nadu,PLUG-IN HYBRID EV,2024,3
Tamil nadu,PURE EV,2024,34215
Tamil nadu,STRONG HYBRID EV,2024,4022
Tamil nadu,CNG ONLY,2025,30357
Tamil nadu,DIESEL,2025,163867
Tamil nadu,DIESEL/HYBRID,2025,598
Tamil nadu,DUAL DIESEL/CNG,2025,1
Tamil nadu,ELECTRIC(BOV),2025,33331
Tamil nadu,ETHANOL(E100),2025,228
Tamil nadu,LNG,2025,28
Tamil nadu,LPG ONLY,2025,2450
Tamil nadu,NOT APPLICABLE,2025,2
Tamil nadu,PETROL,2025,1101364
Tamil nadu,PETROL(E20),2025,592793
Tamil nadu,PETROL(E20)/CNG,2025,4134
Tamil nadu,PETROL(E20)/HYBRID,2025,3532
Tamil nadu,PETROL(E20)/HYBRID/CNG,2025,6
Tamil nadu,PETROL(E20)/LPG,2025,6
Tamil nadu,PETROL/CNG,2025,27365
Tamil nadu,PETROL/HYBRID,2025,17531
Tamil nadu,PETROL/HYBRID/CNG,2025,19
Tamil nadu,PETROL/LPG,2025,37
Tamil nadu,PLUG-IN HYBRID EV,2025,5
Tamil nadu,PURE EV,2025,132911
Tamil nadu,STRONG HYBRID EV,2025,7940
Tamil nadu,CNG ONLY,2026,16679
Tamil nadu,DIESEL,2026,101141
Tamil nadu,DIESEL/HYBRID,2026,307
Tamil nadu,DUAL DIESEL/CNG,2026,0
Tamil nadu,ELECTRIC(BOV),2026,11795
Tamil nadu,ETHANOL(E100),2026,1
Tamil nadu,LNG,2026,0
Tamil nadu,LPG ONLY,2026,1436
Tamil nadu,NOT APPLICABLE,2026,2
Tamil nadu,PETROL,2026,307532
Tamil nadu,PETROL(E20),2026,707133
Tamil nadu,PETROL(E20)/CNG,2026,18342
Tamil nadu,PETROL(E20)/HYBRID,2026,12337
Tamil nadu,PETROL(E20)/HYBRID/CNG,2026,5
Tamil nadu,PETROL(E20)/LPG,2026,1
Tamil nadu,PETROL/CNG,2026,1605
Tamil nadu,PETROL/HYBRID,2026,2883
Tamil nadu,PETROL/HYBRID/CNG,2026,0
Tamil nadu,PETROL/LPG,2026,1
Tamil nadu,PLUG-IN HYBRID EV,2026,0
Tamil nadu,PURE EV,2026,116976
Tamil nadu,STRONG HYBRID EV,2026,4522
Telangana,CNG ONLY,2022,1047
Telangana,DIESEL,2022,123174
Telangana,DIESEL/HYBRID,2022,0
Telangana,ELECTRIC(BOV),2022,34542
Telangana,LPG ONLY,2022,21
Telangana,NOT APPLICABLE,2022,18312
Telangana,PETROL,2022,711313
Telangana,PETROL(E20),2022,0
Telangana,PETROL(E20)/CNG,2022,0
Telangana,PETROL(E20)/HYBRID,2022,0
Telangana,PETROL/CNG,2022,16132
Telangana,PETROL/HYBRID,2022,0
Telangana,PETROL/LPG,2022,2943
Telangana,PURE EV,2022,0
Telangana,SOLAR,2022,0
Telangana,STRONG HYBRID EV,2022,0
Telangana,CNG ONLY,2023,3711
Telangana,DIESEL,2023,117578
Telangana,DIESEL/HYBRID,2023,0
Telangana,ELECTRIC(BOV),2023,50343
Telangana,LPG ONLY,2023,14
Telangana,NOT APPLICABLE,2023,14237
Telangana,PETROL,2023,733376
Telangana,PETROL(E20),2023,0
Telangana,PETROL(E20)/CNG,2023,0
Telangana,PETROL(E20)/HYBRID,2023,0
Telangana,PETROL/CNG,2023,25592
Telangana,PETROL/HYBRID,2023,6
Telangana,PETROL/LPG,2023,7271
Telangana,PURE EV,2023,0
Telangana,SOLAR,2023,1
Telangana,STRONG HYBRID EV,2023,1
Telangana,CNG ONLY,2024,1981
Telangana,DIESEL,2024,114499
Telangana,DIESEL/HYBRID,2024,0
Telangana,ELECTRIC(BOV),2024,75638
Telangana,LPG ONLY,2024,4
Telangana,NOT APPLICABLE,2024,12539
Telangana,PETROL,2024,782541
Telangana,PETROL(E20),2024,0
Telangana,PETROL(E20)/CNG,2024,0
Telangana,PETROL(E20)/HYBRID,2024,0
Telangana,PETROL/CNG,2024,28933
Telangana,PETROL/HYBRID,2024,5
Telangana,PETROL/LPG,2024,10178
Telangana,PURE EV,2024,0
Telangana,SOLAR,2024,0
Telangana,STRONG HYBRID EV,2024,0
Telangana,CNG ONLY,2025,9445
Telangana,DIESEL,2025,119081
Telangana,DIESEL/HYBRID,2025,0
Telangana,ELECTRIC(BOV),2025,83774
Telangana,LPG ONLY,2025,9127
Telangana,NOT APPLICABLE,2025,16432
Telangana,PETROL,2025,755003
Telangana,PETROL(E20),2025,0
Telangana,PETROL(E20)/CNG,2025,0
Telangana,PETROL(E20)/HYBRID,2025,0
Telangana,PETROL/CNG,2025,32130
Telangana,PETROL/HYBRID,2025,17
Telangana,PETROL/LPG,2025,5989
Telangana,PURE EV,2025,0
Telangana,SOLAR,2025,0
Telangana,STRONG HYBRID EV,2025,0
Telangana,CNG ONLY,2026,571
Telangana,DIESEL,2026,57514
Telangana,DIESEL/HYBRID,2026,103
Telangana,ELECTRIC(BOV),2026,32932
Telangana,LPG ONLY,2026,78
Telangana,NOT APPLICABLE,2026,8992
Telangana,PETROL,2026,254807
Telangana,PETROL(E20),2026,109538
Telangana,PETROL(E20)/CNG,2026,1754
Telangana,PETROL(E20)/HYBRID,2026,2098
Telangana,PETROL/CNG,2026,13671
Telangana,PETROL/HYBRID,2026,353
Telangana,PETROL/LPG,2026,2041
Telangana,PURE EV,2026,24298
Telangana,SOLAR,2026,0
Telangana,STRONG HYBRID EV,2026,931
Tripura,CNG ONLY,2022,3054
Tripura,DIESEL,2022,2964
Tripura,DIESEL/HYBRID,2022,0
Tripura,ELECTRIC(BOV),2022,4178
Tripura,ETHANOL(E100),2022,0
Tripura,PETROL,2022,39377
Tripura,PETROL(E20),2022,0
Tripura,PETROL(E20)/CNG,2022,0
Tripura,PETROL(E20)/HYBRID,2022,0
Tripura,PETROL/CNG,2022,2964
Tripura,PETROL/HYBRID,2022,166
Tripura,PURE EV,2022,0
Tripura,STRONG HYBRID EV,2022,0
Tripura,CNG ONLY,2023,2989
Tripura,DIESEL,2023,2703
Tripura,DIESEL/HYBRID,2023,0
Tripura,ELECTRIC(BOV),2023,6312
Tripura,ETHANOL(E100),2023,0
Tripura,PETROL,2023,40445
Tripura,PETROL(E20),2023,1162
Tripura,PETROL(E20)/CNG,2023,0
Tripura,PETROL(E20)/HYBRID,2023,0
Tripura,PETROL/CNG,2023,2920
Tripura,PETROL/HYBRID,2023,164
Tripura,PURE EV,2023,0
Tripura,STRONG HYBRID EV,2023,0
Tripura,CNG ONLY,2024,4221
Tripura,DIESEL,2024,3074
Tripura,DIESEL/HYBRID,2024,0
Tripura,ELECTRIC(BOV),2024,9249
Tripura,ETHANOL(E100),2024,1
Tripura,PETROL,2024,40657
Tripura,PETROL(E20),2024,2879
Tripura,PETROL(E20)/CNG,2024,0
Tripura,PETROL(E20)/HYBRID,2024,0
Tripura,PETROL/CNG,2024,2985
Tripura,PETROL/HYBRID,2024,233
Tripura,PURE EV,2024,366
Tripura,STRONG HYBRID EV,2024,9
Tripura,CNG ONLY,2025,2451
Tripura,DIESEL,2025,3383
Tripura,DIESEL/HYBRID,2025,1
Tripura,ELECTRIC(BOV),2025,5264
Tripura,ETHANOL(E100),2025,0
Tripura,PETROL,2025,23557
Tripura,PETROL(E20),2025,12771
Tripura,PETROL(E20)/CNG,2025,444
Tripura,PETROL(E20)/HYBRID,2025,41
Tripura,PETROL/CNG,2025,2839
Tripura,PETROL/HYBRID,2025,228
Tripura,PURE EV,2025,4965
Tripura,STRONG HYBRID EV,2025,24
Tripura,CNG ONLY,2026,1108
Tripura,DIESEL,2026,1874
Tripura,DIESEL/HYBRID,2026,1
Tripura,ELECTRIC(BOV),2026,1199
Tripura,ETHANOL(E100),2026,0
Tripura,PETROL,2026,4033
Tripura,PETROL(E20),2026,13013
Tripura,PETROL(E20)/CNG,2026,1659
Tripura,PETROL(E20)/HYBRID,2026,144
Tripura,PETROL/CNG,2026,151
Tripura,PETROL/HYBRID,2026,22
Tripura,PURE EV,2026,3263
Tripura,STRONG HYBRID EV,2026,20
UT of DNH and DD,CNG ONLY,2022,382
UT of DNH and DD,DIESEL,2022,5030
UT of DNH and DD,DIESEL/HYBRID,2022,7
UT of DNH and DD,ELECTRIC(BOV),2022,142
UT of DNH and DD,ETHANOL(E100),2022,0
UT of DNH and DD,NOT APPLICABLE,2022,20
UT of DNH and DD,PETROL,2022,11985
UT of DNH and DD,PETROL(E20),2022,0
UT of DNH and DD,PETROL(E20)/CNG,2022,0
UT of DNH and DD,PETROL(E20)/HYBRID,2022,0
UT of DNH and DD,PETROL/CNG,2022,920
UT of DNH and DD,PETROL/HYBRID,2022,355
UT of DNH and DD,PETROL/HYBRID/CNG,2022,0
UT of DNH and DD,PLUG-IN HYBRID EV,2022,0
UT of DNH and DD,PURE EV,2022,0
UT of DNH and DD,STRONG HYBRID EV,2022,0
UT of DNH and DD,CNG ONLY,2023,164
UT of DNH and DD,DIESEL,2023,7308
UT of DNH and DD,DIESEL/HYBRID,2023,34
UT of DNH and DD,ELECTRIC(BOV),2023,160
UT of DNH and DD,ETHANOL(E100),2023,0
UT of DNH and DD,NOT APPLICABLE,2023,68
UT of DNH and DD,PETROL,2023,12865
UT of DNH and DD,PETROL(E20),2023,119
UT of DNH and DD,PETROL(E20)/CNG,2023,0
UT of DNH and DD,PETROL(E20)/HYBRID,2023,0
UT of DNH and DD,PETROL/CNG,2023,1035
UT of DNH and DD,PETROL/HYBRID,2023,546
UT of DNH and DD,PETROL/HYBRID/CNG,2023,0
UT of DNH and DD,PLUG-IN HYBRID EV,2023,0
UT of DNH and DD,PURE EV,2023,0
UT of DNH and DD,STRONG HYBRID EV,2023,0
UT of DNH and DD,CNG ONLY,2024,229
UT of DNH and DD,DIESEL,2024,7200
UT of DNH and DD,DIESEL/HYBRID,2024,123
UT of DNH and DD,ELECTRIC(BOV),2024,263
UT of DNH and DD,ETHANOL(E100),2024,0
UT of DNH and DD,NOT APPLICABLE,2024,43
UT of DNH and DD,PETROL,2024,14096
UT of DNH and DD,PETROL(E20),2024,229
UT of DNH and DD,PETROL(E20)/CNG,2024,0
UT of DNH and DD,PETROL(E20)/HYBRID,2024,0
UT of DNH and DD,PETROL/CNG,2024,1307
UT of DNH and DD,PETROL/HYBRID,2024,500
UT of DNH and DD,PETROL/HYBRID/CNG,2024,1
UT of DNH and DD,PLUG-IN HYBRID EV,2024,0
UT of DNH and DD,PURE EV,2024,75
UT of DNH and DD,STRONG HYBRID EV,2024,153
UT of DNH and DD,CNG ONLY,2025,193
UT of DNH and DD,DIESEL,2025,6762
UT of DNH and DD,DIESEL/HYBRID,2025,258
UT of DNH and DD,ELECTRIC(BOV),2025,77
UT of DNH and DD,ETHANOL(E100),2025,3
UT of DNH and DD,NOT APPLICABLE,2025,61
UT of DNH and DD,PETROL,2025,12699
UT of DNH and DD,PETROL(E20),2025,4291
UT of DNH and DD,PETROL(E20)/CNG,2025,262
UT of DNH and DD,PETROL(E20)/HYBRID,2025,78
UT of DNH and DD,PETROL/CNG,2025,1396
UT of DNH and DD,PETROL/HYBRID,2025,538
UT of DNH and DD,PETROL/HYBRID/CNG,2025,0
UT of DNH and DD,PLUG-IN HYBRID EV,2025,0
UT of DNH and DD,PURE EV,2025,223
UT of DNH and DD,STRONG HYBRID EV,2025,321
UT of DNH and DD,CNG ONLY,2026,115
UT of DNH and DD,DIESEL,2026,2802
UT of DNH and DD,DIESEL/HYBRID,2026,150
UT of DNH and DD,ELECTRIC(BOV),2026,12
UT of DNH and DD,ETHANOL(E100),2026,0
UT of DNH and DD,NOT APPLICABLE,2026,31
UT of DNH and DD,PETROL,2026,2491
UT of DNH and DD,PETROL(E20),2026,5397
UT of DNH and DD,PETROL(E20)/CNG,2026,729
UT of DNH and DD,PETROL(E20)/HYBRID,2026,192
UT of DNH and DD,PETROL/CNG,2026,100
UT of DNH and DD,PETROL/HYBRID,2026,166
UT of DNH and DD,PETROL/HYBRID/CNG,2026,0
UT of DNH and DD,PLUG-IN HYBRID EV,2026,2
UT of DNH and DD,PURE EV,2026,151
UT of DNH and DD,STRONG HYBRID EV,2026,199
Uttar Pradesh,CNG ONLY,2022,47239
Uttar Pradesh,DIESEL,2022,267728
Uttar Pradesh,DIESEL/HYBRID,2022,41
Uttar Pradesh,ELECTRIC(BOV),2022,162909
Uttar Pradesh,ETHANOL(E100),2022,0
Uttar Pradesh,FUEL CELL HYDROGEN,2022,0
Uttar Pradesh,LNG,2022,0
Uttar Pradesh,LPG ONLY,2022,2549
Uttar Pradesh,NOT APPLICABLE,2022,172
Uttar Pradesh,PETROL,2022,2443982
Uttar Pradesh,PETROL(E20),2022,0
Uttar Pradesh,PETROL(E20)/CNG,2022,4
Uttar Pradesh,PETROL(E20)/HYBRID,2022,0
Uttar Pradesh,PETROL(E20)/HYBRID/CNG,2022,4
Uttar Pradesh,PETROL(E20)/LPG,2022,0
Uttar Pradesh,PETROL/CNG,2022,70211
Uttar Pradesh,PETROL/HYBRID,2022,17970
Uttar Pradesh,PETROL/HYBRID/CNG,2022,68
Uttar Pradesh,PETROL/LPG,2022,752
Uttar Pradesh,PLUG-IN HYBRID EV,2022,0
Uttar Pradesh,PURE EV,2022,0
Uttar Pradesh,STRONG HYBRID EV,2022,1
Uttar Pradesh,CNG ONLY,2023,57711
Uttar Pradesh,DIESEL,2023,289405
Uttar Pradesh,DIESEL/HYBRID,2023,99
Uttar Pradesh,ELECTRIC(BOV),2023,278343
Uttar Pradesh,ETHANOL(E100),2023,0
Uttar Pradesh,FUEL CELL HYDROGEN,2023,0
Uttar Pradesh,LNG,2023,0
Uttar Pradesh,LPG ONLY,2023,3065
Uttar Pradesh,NOT APPLICABLE,2023,168
Uttar Pradesh,PETROL,2023,2685233
Uttar Pradesh,PETROL(E20),2023,13545
Uttar Pradesh,PETROL(E20)/CNG,2023,1
Uttar Pradesh,PETROL(E20)/HYBRID,2023,0
Uttar Pradesh,PETROL(E20)/HYBRID/CNG,2023,0
Uttar Pradesh,PETROL(E20)/LPG,2023,0
Uttar Pradesh,PETROL/CNG,2023,86977
Uttar Pradesh,PETROL/HYBRID,2023,29178
Uttar Pradesh,PETROL/HYBRID/CNG,2023,81
Uttar Pradesh,PETROL/LPG,2023,606
Uttar Pradesh,PLUG-IN HYBRID EV,2023,0
Uttar Pradesh,PURE EV,2023,0
Uttar Pradesh,STRONG HYBRID EV,2023,4
Uttar Pradesh,CNG ONLY,2024,57291
Uttar Pradesh,DIESEL,2024,303879
Uttar Pradesh,DIESEL/HYBRID,2024,261
Uttar Pradesh,ELECTRIC(BOV),2024,302735
Uttar Pradesh,ETHANOL(E100),2024,6
Uttar Pradesh,FUEL CELL HYDROGEN,2024,0
Uttar Pradesh,LNG,2024,0
Uttar Pradesh,LPG ONLY,2024,1634
Uttar Pradesh,NOT APPLICABLE,2024,108
Uttar Pradesh,PETROL,2024,2848864
Uttar Pradesh,PETROL(E20),2024,25661
Uttar Pradesh,PETROL(E20)/CNG,2024,4
Uttar Pradesh,PETROL(E20)/HYBRID,2024,0
Uttar Pradesh,PETROL(E20)/HYBRID/CNG,2024,1
Uttar Pradesh,PETROL(E20)/LPG,2024,0
Uttar Pradesh,PETROL/CNG,2024,117767
Uttar Pradesh,PETROL/HYBRID,2024,23623
Uttar Pradesh,PETROL/HYBRID/CNG,2024,68
Uttar Pradesh,PETROL/LPG,2024,535
Uttar Pradesh,PLUG-IN HYBRID EV,2024,13
Uttar Pradesh,PURE EV,2024,66595
Uttar Pradesh,STRONG HYBRID EV,2024,9102
Uttar Pradesh,CNG ONLY,2025,52367
Uttar Pradesh,DIESEL,2025,308927
Uttar Pradesh,DIESEL/HYBRID,2025,515
Uttar Pradesh,ELECTRIC(BOV),2025,193788
Uttar Pradesh,ETHANOL(E100),2025,36
Uttar Pradesh,FUEL CELL HYDROGEN,2025,0
Uttar Pradesh,LNG,2025,35
Uttar Pradesh,LPG ONLY,2025,699
Uttar Pradesh,NOT APPLICABLE,2025,19
Uttar Pradesh,PETROL,2025,2350492
Uttar Pradesh,PETROL(E20),2025,794336
Uttar Pradesh,PETROL(E20)/CNG,2025,16096
Uttar Pradesh,PETROL(E20)/HYBRID,2025,2631
Uttar Pradesh,PETROL(E20)/HYBRID/CNG,2025,5
Uttar Pradesh,PETROL(E20)/LPG,2025,13
Uttar Pradesh,PETROL/CNG,2025,135593
Uttar Pradesh,PETROL/HYBRID,2025,15936
Uttar Pradesh,PETROL/HYBRID/CNG,2025,46
Uttar Pradesh,PETROL/LPG,2025,433
Uttar Pradesh,PLUG-IN HYBRID EV,2025,14
Uttar Pradesh,PURE EV,2025,211583
Uttar Pradesh,STRONG HYBRID EV,2025,17051
Uttar Pradesh,CNG ONLY,2026,24891
Uttar Pradesh,DIESEL,2026,177752
Uttar Pradesh,DIESEL/HYBRID,2026,451
Uttar Pradesh,ELECTRIC(BOV),2026,57815
Uttar Pradesh,ETHANOL(E100),2026,0
Uttar Pradesh,FUEL CELL HYDROGEN,2026,3
Uttar Pradesh,LNG,2026,0
Uttar Pradesh,LPG ONLY,2026,120
Uttar Pradesh,NOT APPLICABLE,2026,8
Uttar Pradesh,PETROL,2026,784246
Uttar Pradesh,PETROL(E20),2026,836967
Uttar Pradesh,PETROL(E20)/CNG,2026,80876
Uttar Pradesh,PETROL(E20)/HYBRID,2026,8829
Uttar Pradesh,PETROL(E20)/HYBRID/CNG,2026,15
Uttar Pradesh,PETROL(E20)/LPG,2026,45
Uttar Pradesh,PETROL/CNG,2026,11895
Uttar Pradesh,PETROL/HYBRID,2026,2497
Uttar Pradesh,PETROL/HYBRID/CNG,2026,5
Uttar Pradesh,PETROL/LPG,2026,29
Uttar Pradesh,PLUG-IN HYBRID EV,2026,0
Uttar Pradesh,PURE EV,2026,149743
Uttar Pradesh,STRONG HYBRID EV,2026,4985
Uttrakhand,CNG ONLY,2022,1336
Uttrakhand,DIESEL,2022,20133
Uttrakhand,DIESEL/HYBRID,2022,7
Uttrakhand,ELECTRIC(BOV),2022,15563
Uttrakhand,ETHANOL(E100),2022,0
Uttrakhand,LPG ONLY,2022,74
Uttrakhand,NOT APPLICABLE,2022,106
Uttrakhand,PETROL,2022,188846
Uttrakhand,PETROL(E20),2022,1
Uttrakhand,PETROL(E20)/CNG,2022,0
Uttrakhand,PETROL(E20)/HYBRID,2022,0
Uttrakhand,PETROL(E20)/HYBRID/CNG,2022,0
Uttrakhand,PETROL/CNG,2022,2658
Uttrakhand,PETROL/HYBRID,2022,2305
Uttrakhand,PETROL/HYBRID/CNG,2022,2
Uttrakhand,PURE EV,2022,0
Uttrakhand,STRONG HYBRID EV,2022,0
Uttrakhand,CNG ONLY,2023,2611
Uttrakhand,DIESEL,2023,22016
Uttrakhand,DIESEL/HYBRID,2023,12
Uttrakhand,ELECTRIC(BOV),2023,16799
Uttrakhand,ETHANOL(E100),2023,0
Uttrakhand,LPG ONLY,2023,56
Uttrakhand,NOT APPLICABLE,2023,124
Uttrakhand,PETROL,2023,205840
Uttrakhand,PETROL(E20),2023,1939
Uttrakhand,PETROL(E20)/CNG,2023,0
Uttrakhand,PETROL(E20)/HYBRID,2023,0
Uttrakhand,PETROL(E20)/HYBRID/CNG,2023,0
Uttrakhand,PETROL/CNG,2023,3172
Uttrakhand,PETROL/HYBRID,2023,4345
Uttrakhand,PETROL/HYBRID/CNG,2023,5
Uttrakhand,PURE EV,2023,0
Uttrakhand,STRONG HYBRID EV,2023,0
Uttrakhand,CNG ONLY,2024,1349
Uttrakhand,DIESEL,2024,23091
Uttrakhand,DIESEL/HYBRID,2024,41
Uttrakhand,ELECTRIC(BOV),2024,15374
Uttrakhand,ETHANOL(E100),2024,0
Uttrakhand,LPG ONLY,2024,5
Uttrakhand,NOT APPLICABLE,2024,130
Uttrakhand,PETROL,2024,224087
Uttrakhand,PETROL(E20),2024,4082
Uttrakhand,PETROL(E20)/CNG,2024,0
Uttrakhand,PETROL(E20)/HYBRID,2024,0
Uttrakhand,PETROL(E20)/HYBRID/CNG,2024,2
Uttrakhand,PETROL/CNG,2024,4121
Uttrakhand,PETROL/HYBRID,2024,4657
Uttrakhand,PETROL/HYBRID/CNG,2024,3
Uttrakhand,PURE EV,2024,4459
Uttrakhand,STRONG HYBRID EV,2024,392
Uttrakhand,CNG ONLY,2025,1532
Uttrakhand,DIESEL,2025,23955
Uttrakhand,DIESEL/HYBRID,2025,75
Uttrakhand,ELECTRIC(BOV),2025,7354
Uttrakhand,ETHANOL(E100),2025,13
Uttrakhand,LPG ONLY,2025,2
Uttrakhand,NOT APPLICABLE,2025,191
Uttrakhand,PETROL,2025,169892
Uttrakhand,PETROL(E20),2025,69568
Uttrakhand,PETROL(E20)/CNG,2025,424
Uttrakhand,PETROL(E20)/HYBRID,2025,625
Uttrakhand,PETROL(E20)/HYBRID/CNG,2025,0
Uttrakhand,PETROL/CNG,2025,4714
Uttrakhand,PETROL/HYBRID,2025,3825
Uttrakhand,PETROL/HYBRID/CNG,2025,2
Uttrakhand,PURE EV,2025,12891
Uttrakhand,STRONG HYBRID EV,2025,709
Uttrakhand,CNG ONLY,2026,438
Uttrakhand,DIESEL,2026,13828
Uttrakhand,DIESEL/HYBRID,2026,84
Uttrakhand,ELECTRIC(BOV),2026,2389
Uttrakhand,ETHANOL(E100),2026,0
Uttrakhand,LPG ONLY,2026,0
Uttrakhand,NOT APPLICABLE,2026,99
Uttrakhand,PETROL,2026,31294
Uttrakhand,PETROL(E20),2026,81017
Uttrakhand,PETROL(E20)/CNG,2026,2919
Uttrakhand,PETROL(E20)/HYBRID,2026,2523
Uttrakhand,PETROL(E20)/HYBRID/CNG,2026,1
Uttrakhand,PETROL/CNG,2026,487
Uttrakhand,PETROL/HYBRID,2026,364
Uttrakhand,PETROL/HYBRID/CNG,2026,0
Uttrakhand,PURE EV,2026,8868
Uttrakhand,STRONG HYBRID EV,2026,655
West Bengal,CNG ONLY,2022,276
West Bengal,DIESEL,2022,69321
West Bengal,DIESEL/HYBRID,2022,29
West Bengal,ELECTRIC(BOV),2022,11149
West Bengal,ETHANOL(E100),2022,0
West Bengal,LPG ONLY,2022,2027
West Bengal,NOT APPLICABLE,2022,298
West Bengal,PETROL,2022,879187
West Bengal,PETROL(E20),2022,1
West Bengal,PETROL(E20)/CNG,2022,1
West Bengal,PETROL(E20)/HYBRID,2022,0
West Bengal,PETROL(E20)/HYBRID/CNG,2022,1
West Bengal,PETROL(E20)/LPG,2022,1
West Bengal,PETROL/CNG,2022,2058
West Bengal,PETROL/HYBRID,2022,6332
West Bengal,PETROL/HYBRID/CNG,2022,5
West Bengal,PETROL/LPG,2022,1417
West Bengal,PLUG-IN HYBRID EV,2022,0
West Bengal,PURE EV,2022,0
West Bengal,STRONG HYBRID EV,2022,0
West Bengal,CNG ONLY,2023,602
West Bengal,DIESEL,2023,63878
West Bengal,DIESEL/HYBRID,2023,62
West Bengal,ELECTRIC(BOV),2023,21428
West Bengal,ETHANOL(E100),2023,0
West Bengal,LPG ONLY,2023,3435
West Bengal,NOT APPLICABLE,2023,155
West Bengal,PETROL,2023,860318
West Bengal,PETROL(E20),2023,38499
West Bengal,PETROL(E20)/CNG,2023,1
West Bengal,PETROL(E20)/HYBRID,2023,0
West Bengal,PETROL(E20)/HYBRID/CNG,2023,0
West Bengal,PETROL(E20)/LPG,2023,1
West Bengal,PETROL/CNG,2023,4309
West Bengal,PETROL/HYBRID,2023,8452
West Bengal,PETROL/HYBRID/CNG,2023,4
West Bengal,PETROL/LPG,2023,1114
West Bengal,PLUG-IN HYBRID EV,2023,0
West Bengal,PURE EV,2023,0
West Bengal,STRONG HYBRID EV,2023,0
West Bengal,CNG ONLY,2024,1664
West Bengal,DIESEL,2024,68771
West Bengal,DIESEL/HYBRID,2024,126
West Bengal,ELECTRIC(BOV),2024,34929
West Bengal,ETHANOL(E100),2024,11
West Bengal,LPG ONLY,2024,6283
West Bengal,NOT APPLICABLE,2024,117
West Bengal,PETROL,2024,964557
West Bengal,PETROL(E20),2024,80727
West Bengal,PETROL(E20)/CNG,2024,4
West Bengal,PETROL(E20)/HYBRID,2024,0
West Bengal,PETROL(E20)/HYBRID/CNG,2024,0
West Bengal,PETROL(E20)/LPG,2024,2
West Bengal,PETROL/CNG,2024,5743
West Bengal,PETROL/HYBRID,2024,8652
West Bengal,PETROL/HYBRID/CNG,2024,6
West Bengal,PETROL/LPG,2024,1702
West Bengal,PLUG-IN HYBRID EV,2024,1
West Bengal,PURE EV,2024,10704
West Bengal,STRONG HYBRID EV,2024,937
West Bengal,CNG ONLY,2025,2733
West Bengal,DIESEL,2025,75333
West Bengal,DIESEL/HYBRID,2025,220
West Bengal,ELECTRIC(BOV),2025,54349
West Bengal,ETHANOL(E100),2025,200
West Bengal,LPG ONLY,2025,9079
West Bengal,NOT APPLICABLE,2025,182
West Bengal,PETROL,2025,694007
West Bengal,PETROL(E20),2025,381385
West Bengal,PETROL(E20)/CNG,2025,1817
West Bengal,PETROL(E20)/HYBRID,2025,1204
West Bengal,PETROL(E20)/HYBRID/CNG,2025,0
West Bengal,PETROL(E20)/LPG,2025,97
West Bengal,PETROL/CNG,2025,8550
West Bengal,PETROL/HYBRID,2025,6729
West Bengal,PETROL/HYBRID/CNG,2025,9
West Bengal,PETROL/LPG,2025,2148
West Bengal,PLUG-IN HYBRID EV,2025,3
West Bengal,PURE EV,2025,46612
West Bengal,STRONG HYBRID EV,2025,1725
West Bengal,CNG ONLY,2026,1442
West Bengal,DIESEL,2026,39594
West Bengal,DIESEL/HYBRID,2026,120
West Bengal,ELECTRIC(BOV),2026,38775
West Bengal,ETHANOL(E100),2026,1
West Bengal,LPG ONLY,2026,1929
West Bengal,NOT APPLICABLE,2026,197
West Bengal,PETROL,2026,133476
West Bengal,PETROL(E20),2026,413125
West Bengal,PETROL(E20)/CNG,2026,7183
West Bengal,PETROL(E20)/HYBRID,2026,3708
West Bengal,PETROL(E20)/HYBRID/CNG,2026,1
West Bengal,PETROL(E20)/LPG,2026,144
West Bengal,PETROL/CNG,2026,541
West Bengal,PETROL/HYBRID,2026,679
West Bengal,PETROL/HYBRID/CNG,2026,1
West Bengal,PETROL/LPG,2026,188
West Bengal,PLUG-IN HYBRID EV,2026,1
West Bengal,PURE EV,2026,40264
West Bengal,STRONG HYBRID EV,2026,1045
